{
  "accepted_probes": 106,
  "action_samples": 8,
  "all_probe_trajectories_retained_for_behavior": true,
  "audits": [
    {
      "accepted": true,
      "best_action": 1342,
      "best_return": -1.3060129493256798,
      "best_reward_return": 0.04266549209120908,
      "noop_margin": 0.13797485779458096,
      "noop_return": -1.4439878071202608,
      "noop_reward_margin": 0.1207692341981005,
      "noop_reward_return": -0.07810374210689142,
      "opponent": "balanced",
      "opponent_randomness": "deterministic-strategy",
      "parent_action": 2304,
      "parent_margin": 0.13797485779458096,
      "parent_return": -1.4439878071202608,
      "parent_reward_margin": 0.1207692341981005,
      "parent_reward_return": -0.07810374210689142,
      "probe": "000_w008_balanced_1198201.json",
      "probe_sha256": "9abc71fc1df1e2908ca9fc09d9b7d7fb86df07df41950ed220ab17c7622ed88a",
      "seed": 1198201,
      "state_sha256": "aadea3b35f840331d784964d8bfa091ef82f208674346211d344be8092c0335d",
      "warmup_steps": 8
    },
    {
      "accepted": true,
      "best_action": 1277,
      "best_return": -1.368973673206116,
      "best_reward_return": -0.008802020666311222,
      "noop_margin": 0.0750141339141448,
      "noop_return": -1.4439878071202608,
      "noop_reward_margin": 0.0693017214405802,
      "noop_reward_return": -0.07810374210689142,
      "opponent": "balanced",
      "opponent_randomness": "deterministic-strategy",
      "parent_action": 2304,
      "parent_margin": 0.0750141339141448,
      "parent_return": -1.4439878071202608,
      "parent_reward_margin": 0.0693017214405802,
      "parent_reward_return": -0.07810374210689142,
      "probe": "001_w008_balanced_1198202.json",
      "probe_sha256": "f47a175954cc4163048f3f1b4688c781f6b7d142e4d82fef3d6e445718caee5a",
      "seed": 1198202,
      "state_sha256": "383b1f79e25ca77dafc2f889ffdce1f87be3ae5e80935a788d13d93780d15a86",
      "warmup_steps": 8
    },
    {
      "accepted": true,
      "best_action": 1384,
      "best_return": -1.3082657888539557,
      "best_reward_return": 0.03380498366137165,
      "noop_margin": 0.1262508431589875,
      "noop_return": -1.4345166320129432,
      "noop_reward_margin": 0.10983033936736665,
      "noop_reward_return": -0.076025355705995,
      "opponent": "bridge-pressure",
      "opponent_randomness": "deterministic-strategy",
      "parent_action": 2304,
      "parent_margin": 0.1262508431589875,
      "parent_return": -1.4345166320129432,
      "parent_reward_margin": 0.10983033936736665,
      "parent_reward_return": -0.076025355705995,
      "probe": "002_w008_bridge-pressure_1198203.json",
      "probe_sha256": "452c1cb70bfb73b1052b24bb47bb1a2de33b26632d0685a3cbf0de2b86db2f99",
      "seed": 1198203,
      "state_sha256": "bfe2295915ea57d28879cc0ea8a2c2e523e5a7b626e6337598a52676117778f6",
      "warmup_steps": 8
    },
    {
      "accepted": true,
      "best_action": 231,
      "best_return": -1.3345233489585275,
      "best_reward_return": 0.012032795667599941,
      "noop_margin": 0.09999328305441568,
      "noop_return": -1.4345166320129432,
      "noop_reward_margin": 0.08805815137359495,
      "noop_reward_return": -0.076025355705995,
      "opponent": "bridge-pressure",
      "opponent_randomness": "deterministic-strategy",
      "parent_action": 2304,
      "parent_margin": 0.09999328305441568,
      "parent_return": -1.4345166320129432,
      "parent_reward_margin": 0.08805815137359495,
      "parent_reward_return": -0.076025355705995,
      "probe": "003_w008_bridge-pressure_1198204.json",
      "probe_sha256": "55147fba6a1849cecf9577cc47e43174b9db62e245429807b2d3ffa5616eb165",
      "seed": 1198204,
      "state_sha256": "0281a2231180b2754397333b41df50ea0bc3d34357048b23c107fbe990be1c70",
      "warmup_steps": 8
    },
    {
      "accepted": false,
      "best_action": 1368,
      "best_return": -1.32838488514984,
      "best_reward_return": 0.03467632113595977,
      "noop_margin": 0.01885111468199785,
      "noop_return": -1.347235999831838,
      "noop_reward_margin": 0.017338163027883813,
      "noop_reward_return": 0.017338158108075954,
      "opponent": "reactive-defense",
      "opponent_randomness": "deterministic-strategy",
      "parent_action": 2304,
      "parent_margin": 0.01885111468199785,
      "parent_return": -1.347235999831838,
      "parent_reward_margin": 0.017338163027883813,
      "parent_reward_return": 0.017338158108075954,
      "probe": "004_w008_reactive-defense_1198205.json",
      "probe_sha256": "5e562203f6ee68368d31cfa89b879e5f32dd4d2fb1a73dccc2b2d1736353441a",
      "seed": 1198205,
      "state_sha256": "06ec6216c6771a839005c68d53e0785e51fbbabca4a546eacfe8f20d043c9be6",
      "warmup_steps": 8
    },
    {
      "accepted": false,
      "best_action": 1368,
      "best_return": -1.32838488514984,
      "best_reward_return": 0.03467632113595977,
      "noop_margin": 0.01885111468199785,
      "noop_return": -1.347235999831838,
      "noop_reward_margin": 0.017338163027883813,
      "noop_reward_return": 0.017338158108075954,
      "opponent": "reactive-defense",
      "opponent_randomness": "deterministic-strategy",
      "parent_action": 2304,
      "parent_margin": 0.01885111468199785,
      "parent_return": -1.347235999831838,
      "parent_reward_margin": 0.017338163027883813,
      "parent_reward_return": 0.017338158108075954,
      "probe": "005_w008_reactive-defense_1198206.json",
      "probe_sha256": "45999ecc0411439a0e458aecb6097776f6bf5d7bebfda31fbeaa91daa54ceb02",
      "seed": 1198206,
      "state_sha256": "a8281d993cf5c1a80ccdbe94c342e09a48d2d126739bcd5d520f80d740f4a975",
      "warmup_steps": 8
    },
    {
      "accepted": false,
      "best_action": 1368,
      "best_return": -1.3191613233050747,
      "best_reward_return": 0.03998168276988156,
      "noop_margin": 0.017795410404941814,
      "noop_return": -1.3369567337100166,
      "noop_reward_margin": 0.01733816373345234,
      "noop_reward_return": 0.022643519036429218,
      "opponent": "spell-control",
      "opponent_randomness": "deterministic-strategy",
      "parent_action": 2304,
      "parent_margin": 0.017795410404941814,
      "parent_return": -1.3369567337100166,
      "parent_reward_margin": 0.01733816373345234,
      "parent_reward_return": 0.022643519036429218,
      "probe": "006_w008_spell-control_1198207.json",
      "probe_sha256": "02e06abb3b100d5a8f215e3cffb256326cb6dac0153f8a5ae3611eb39edb0adc",
      "seed": 1198207,
      "state_sha256": "3740953eb82fa0671d443c440c596e9fb94e8e963f1aa2d36a842a8dde3b954b",
      "warmup_steps": 8
    },
    {
      "accepted": false,
      "best_action": 1368,
      "best_return": -1.3191613233050747,
      "best_reward_return": 0.03998168276988156,
      "noop_margin": 0.017795410404941814,
      "noop_return": -1.3369567337100166,
      "noop_reward_margin": 0.01733816373345234,
      "noop_reward_return": 0.022643519036429218,
      "opponent": "spell-control",
      "opponent_randomness": "deterministic-strategy",
      "parent_action": 2304,
      "parent_margin": 0.017795410404941814,
      "parent_return": -1.3369567337100166,
      "parent_reward_margin": 0.01733816373345234,
      "parent_reward_return": 0.022643519036429218,
      "probe": "007_w008_spell-control_1198208.json",
      "probe_sha256": "fb2ff6c8b11af50517f84112198909b7068673a110f72e1fc9484bdf5b235101",
      "seed": 1198208,
      "state_sha256": "9afd3614eff83f413ed2531e2c54ac09a0349e90e0a3400a9180b9a0a6fd0df0",
      "warmup_steps": 8
    },
    {
      "accepted": true,
      "best_action": 1368,
      "best_return": -1.2896408994264679,
      "best_reward_return": 0.05201448256205593,
      "noop_margin": 0.028199306957612524,
      "noop_return": -1.3178402063840804,
      "noop_reward_margin": 0.023354563907593148,
      "noop_reward_return": 0.028659918654462782,
      "opponent": "slow-push",
      "opponent_randomness": "deterministic-strategy",
      "parent_action": 2304,
      "parent_margin": 0.028199306957612524,
      "parent_return": -1.3178402063840804,
      "parent_reward_margin": 0.023354563907593148,
      "parent_reward_return": 0.028659918654462782,
      "probe": "008_w008_slow-push_1198209.json",
      "probe_sha256": "9e5dfaaa02c99ea1a92559723df7047c86a3aefdf360b305e110754445896063",
      "seed": 1198209,
      "state_sha256": "e2e4b6438c7e611f0f6320165541ef91303dee1e22195915f1f4016ee095d235",
      "warmup_steps": 8
    },
    {
      "accepted": true,
      "best_action": 1368,
      "best_return": -1.2896408994264679,
      "best_reward_return": 0.05201448256205593,
      "noop_margin": 0.028199306957612524,
      "noop_return": -1.3178402063840804,
      "noop_reward_margin": 0.023354563907593148,
      "noop_reward_return": 0.028659918654462782,
      "opponent": "slow-push",
      "opponent_randomness": "deterministic-strategy",
      "parent_action": 2304,
      "parent_margin": 0.028199306957612524,
      "parent_return": -1.3178402063840804,
      "parent_reward_margin": 0.023354563907593148,
      "parent_reward_return": 0.028659918654462782,
      "probe": "009_w008_slow-push_1198210.json",
      "probe_sha256": "4189d90f0680aa3e8b2adce2b2397f680be1f7762e40666cbd085957feedabf0",
      "seed": 1198210,
      "state_sha256": "5c06dcc72197ca645da262e10e062f22e2bcba746b7d0a12ecbbd1a0cb9c2fd3",
      "warmup_steps": 8
    },
    {
      "accepted": true,
      "best_action": 1368,
      "best_return": -1.3465428787077662,
      "best_reward_return": 0.0037192258803950837,
      "noop_margin": 0.05311715725660959,
      "noop_return": -1.3996600359643758,
      "noop_reward_margin": 0.04266548767342011,
      "noop_reward_return": -0.03894626179302503,
      "opponent": "split-lane",
      "opponent_randomness": "deterministic-strategy",
      "parent_action": 2304,
      "parent_margin": 0.05311715725660959,
      "parent_return": -1.3996600359643758,
      "parent_reward_margin": 0.04266548767342011,
      "parent_reward_return": -0.03894626179302503,
      "probe": "010_w008_split-lane_1198211.json",
      "probe_sha256": "b62d86511a9aec2e040207cc8abdbd8aab555940a572f9f53d8afb2a8452aa7f",
      "seed": 1198211,
      "state_sha256": "994034831ca7c402de3a9184c44b7796dedfd278bc01a48e51e9456b615a4d4b",
      "warmup_steps": 8
    },
    {
      "accepted": true,
      "best_action": 1368,
      "best_return": -1.3465428787077662,
      "best_reward_return": 0.0037192258803950837,
      "noop_margin": 0.05311715725660959,
      "noop_return": -1.3996600359643758,
      "noop_reward_margin": 0.04266548767342011,
      "noop_reward_return": -0.03894626179302503,
      "opponent": "split-lane",
      "opponent_randomness": "deterministic-strategy",
      "parent_action": 2304,
      "parent_margin": 0.05311715725660959,
      "parent_return": -1.3996600359643758,
      "parent_reward_margin": 0.04266548767342011,
      "parent_reward_return": -0.03894626179302503,
      "probe": "011_w008_split-lane_1198212.json",
      "probe_sha256": "2bfa3ad4514dff7f522e36651a264eec05e443b337f9caeed0ed11e3929929c9",
      "seed": 1198212,
      "state_sha256": "04632aaab09cf6940266bcf07e8cd7acb17246b2c08bd546c7f912fc796fca38",
      "warmup_steps": 8
    },
    {
      "accepted": false,
      "best_action": 1944,
      "best_return": -1.3416126802651576,
      "best_reward_return": 0.0,
      "noop_margin": 0.01730719691843574,
      "noop_return": -1.3589198771835933,
      "noop_reward_margin": 0.01203279420137879,
      "noop_reward_return": -0.01203279420137879,
      "opponent": "random",
      "opponent_randomness": "common-quantile-v1",
      "parent_action": 2304,
      "parent_margin": 0.01730719691843574,
      "parent_return": -1.3589198771835933,
      "parent_reward_margin": 0.01203279420137879,
      "parent_reward_return": -0.01203279420137879,
      "probe": "012_w008_random_1198213.json",
      "probe_sha256": "ba728479228e23ab37d7c98e4fc2b7ec45829c44c2ef61c5bd5dfb686f9a31b8",
      "seed": 1198213,
      "state_sha256": "fac6ec7077997dc0fe026174e3ba81bcf08dfd72844dc5a7c9a9d638f1690992",
      "warmup_steps": 8
    },
    {
      "accepted": true,
      "best_action": 1368,
      "best_return": -1.338276916014897,
      "best_reward_return": 0.026855006762152765,
      "noop_margin": 0.05489102501691523,
      "noop_return": -1.3931679410318123,
      "noop_reward_margin": 0.052014472043133135,
      "noop_reward_return": -0.02515946528098037,
      "opponent": "random",
      "opponent_randomness": "common-quantile-v1",
      "parent_action": 2304,
      "parent_margin": 0.05489102501691523,
      "parent_return": -1.3931679410318123,
      "parent_reward_margin": 0.052014472043133135,
      "parent_reward_return": -0.02515946528098037,
      "probe": "013_w008_random_1198214.json",
      "probe_sha256": "25f0fb5be77a5b2f1839c537eb13a3e6c4497fcdf7122bbb45d2a17119dee871",
      "seed": 1198214,
      "state_sha256": "38fb1523fc3c64bd8ea266ab24aa528ac07baa2293a26b13f6e58a1f74ba8586",
      "warmup_steps": 8
    },
    {
      "accepted": true,
      "best_action": 172,
      "best_return": -1.3721311512502894,
      "best_reward_return": -0.013290756645623153,
      "noop_margin": 0.13041234696445114,
      "noop_return": -1.5025434982147405,
      "noop_reward_margin": 0.11546008485421216,
      "noop_reward_return": -0.12875084149983532,
      "opponent": "balanced",
      "opponent_randomness": "deterministic-strategy",
      "parent_action": 2304,
      "parent_margin": 0.13041234696445114,
      "parent_return": -1.5025434982147405,
      "parent_reward_margin": 0.11546008485421216,
      "parent_reward_return": -0.12875084149983532,
      "probe": "014_w012_balanced_1198215.json",
      "probe_sha256": "cead7ca7bd02313aa60b6aac95490a83489d7ee5a99b4e03489a26700ed6582d",
      "seed": 1198215,
      "state_sha256": "34d15eaa036ee9d0f1ac3c6c196e2e9a4f64fba8cf55b20deb94b4b2e8bd408f",
      "warmup_steps": 12
    },
    {
      "accepted": true,
      "best_action": 172,
      "best_return": -1.3721311512502894,
      "best_reward_return": -0.013290756645623153,
      "noop_margin": 0.13041234696445114,
      "noop_return": -1.5025434982147405,
      "noop_reward_margin": 0.11546008485421216,
      "noop_reward_return": -0.12875084149983532,
      "opponent": "balanced",
      "opponent_randomness": "deterministic-strategy",
      "parent_action": 2304,
      "parent_margin": 0.13041234696445114,
      "parent_return": -1.5025434982147405,
      "parent_reward_margin": 0.11546008485421216,
      "parent_reward_return": -0.12875084149983532,
      "probe": "015_w012_balanced_1198216.json",
      "probe_sha256": "e78a15814baa426ce4fa088371a9b8ec9675faa5c5042bb637de433d96e7bdec",
      "seed": 1198216,
      "state_sha256": "cd3f72c195c3b34ca0f7e19ec3ff9a66d38d4ae192d22dedce7dd6c8356ce2cd",
      "warmup_steps": 12
    },
    {
      "accepted": true,
      "best_action": 172,
      "best_return": -1.3396400493496097,
      "best_reward_return": 1.5512377877450328e-09,
      "noop_margin": 0.10324283948943735,
      "noop_return": -1.442882888839047,
      "noop_reward_margin": 0.08488585482209855,
      "noop_reward_return": -0.08488585327086076,
      "opponent": "bridge-pressure",
      "opponent_randomness": "deterministic-strategy",
      "parent_action": 2304,
      "parent_margin": 0.10324283948943735,
      "parent_return": -1.442882888839047,
      "parent_reward_margin": 0.08488585482209855,
      "parent_reward_return": -0.08488585327086076,
      "probe": "016_w012_bridge-pressure_1198217.json",
      "probe_sha256": "a9d03d2bcdb72313c81c9214793fdb95ee4956c20940acc413b898bf50e70423",
      "seed": 1198217,
      "state_sha256": "5fc2ce4bbecacba7e36f487180410f866a5b811891ac54709083e24f5abcc7ea",
      "warmup_steps": 12
    },
    {
      "accepted": true,
      "best_action": 172,
      "best_return": -1.3396400493496097,
      "best_reward_return": 1.5512377877450328e-09,
      "noop_margin": 0.10324283948943735,
      "noop_return": -1.442882888839047,
      "noop_reward_margin": 0.08488585482209855,
      "noop_reward_return": -0.08488585327086076,
      "opponent": "bridge-pressure",
      "opponent_randomness": "deterministic-strategy",
      "parent_action": 2304,
      "parent_margin": 0.10324283948943735,
      "parent_return": -1.442882888839047,
      "parent_reward_margin": 0.08488585482209855,
      "parent_reward_return": -0.08488585327086076,
      "probe": "017_w012_bridge-pressure_1198218.json",
      "probe_sha256": "ab3ce24781cc1c281f4940fa2403b71bd9c291291e28b4a6ad0c0c6d4fa80f13",
      "seed": 1198218,
      "state_sha256": "606b00e589e8cadd16d2f6aa115dfb94c7527b34f2bedfb84487bd310c7c59ed",
      "warmup_steps": 12
    },
    {
      "accepted": false,
      "best_action": 1944,
      "best_return": -1.306796095455331,
      "best_reward_return": 0.034676324446195755,
      "noop_margin": 0.02341069630173198,
      "noop_return": -1.330206791757063,
      "noop_reward_margin": 4.95295097296955e-09,
      "noop_reward_return": 0.03467631949324478,
      "opponent": "reactive-defense",
      "opponent_randomness": "deterministic-strategy",
      "parent_action": 2304,
      "parent_margin": 0.02341069630173198,
      "parent_return": -1.330206791757063,
      "parent_reward_margin": 4.95295097296955e-09,
      "parent_reward_return": 0.03467631949324478,
      "probe": "018_w012_reactive-defense_1198219.json",
      "probe_sha256": "66d362268d7d8191ab3bef9dce91f6775e612510cd6aa2eeac535b1b04241098",
      "seed": 1198219,
      "state_sha256": "23be9ff3db2320f013e722f93ae94c27b1d53a3c6143d83bab7a7a38caf384aa",
      "warmup_steps": 12
    },
    {
      "accepted": false,
      "best_action": 1944,
      "best_return": -1.306796095455331,
      "best_reward_return": 0.034676324446195755,
      "noop_margin": 0.02341069630173198,
      "noop_return": -1.330206791757063,
      "noop_reward_margin": 4.95295097296955e-09,
      "noop_reward_return": 0.03467631949324478,
      "opponent": "reactive-defense",
      "opponent_randomness": "deterministic-strategy",
      "parent_action": 2304,
      "parent_margin": 0.02341069630173198,
      "parent_return": -1.330206791757063,
      "parent_reward_margin": 4.95295097296955e-09,
      "parent_reward_return": 0.03467631949324478,
      "probe": "019_w012_reactive-defense_1198220.json",
      "probe_sha256": "7d19142516a117a30b062417567e98732022983db6746e8b9320095e07f04218",
      "seed": 1198220,
      "state_sha256": "93ecc8bd3ad57a151e74ce955fdec6c10d210c795a418894dd9ac5e6858411da",
      "warmup_steps": 12
    },
    {
      "accepted": false,
      "best_action": 1348,
      "best_return": -1.307847900392192,
      "best_reward_return": 0.05201448174521374,
      "noop_margin": 0.012347038339803884,
      "noop_return": -1.3201949387319958,
      "noop_reward_margin": 0.012032800162656829,
      "noop_reward_return": 0.03998168158255691,
      "opponent": "spell-control",
      "opponent_randomness": "deterministic-strategy",
      "parent_action": 2304,
      "parent_margin": 0.012347038339803884,
      "parent_return": -1.3201949387319958,
      "parent_reward_margin": 0.012032800162656829,
      "parent_reward_return": 0.03998168158255691,
      "probe": "020_w012_spell-control_1198221.json",
      "probe_sha256": "faa3656589938efad90efc1e3e6a7f148ad5c3feaa57bd0c630ddb8a5f27d7be",
      "seed": 1198221,
      "state_sha256": "2a80318362375cb336732bc51c1001755cd79c7997aeedfb58b600f315069072",
      "warmup_steps": 12
    },
    {
      "accepted": false,
      "best_action": 1368,
      "best_return": -1.320103614617704,
      "best_reward_return": 0.03998168319935291,
      "noop_margin": 9.132411429169096e-05,
      "noop_return": -1.3201949387319958,
      "noop_reward_margin": 1.6167960026347572e-09,
      "noop_reward_return": 0.03998168158255691,
      "opponent": "spell-control",
      "opponent_randomness": "deterministic-strategy",
      "parent_action": 2304,
      "parent_margin": 9.132411429169096e-05,
      "parent_return": -1.3201949387319958,
      "parent_reward_margin": 1.6167960026347572e-09,
      "parent_reward_return": 0.03998168158255691,
      "probe": "021_w012_spell-control_1198222.json",
      "probe_sha256": "a5ea7b9072508f3803c4bef37ef25a672d48c3591e15a3cd9b3c535e778867d9",
      "seed": 1198222,
      "state_sha256": "176bec0ac946005e842c3ad68cca8327565cbd36f3751da7be4bde276669a136",
      "warmup_steps": 12
    },
    {
      "accepted": false,
      "best_action": 1368,
      "best_return": -1.2901823860530568,
      "best_reward_return": 0.05201448338300285,
      "noop_margin": 0.016801229733142575,
      "noop_return": -1.3069836157861994,
      "noop_reward_margin": 0.012032800159039875,
      "noop_reward_return": 0.03998168322396298,
      "opponent": "slow-push",
      "opponent_randomness": "deterministic-strategy",
      "parent_action": 2304,
      "parent_margin": 0.016801229733142575,
      "parent_return": -1.3069836157861994,
      "parent_reward_margin": 0.012032800159039875,
      "parent_reward_return": 0.03998168322396298,
      "probe": "022_w012_slow-push_1198223.json",
      "probe_sha256": "165a78db2de5c14596d49a4b60f7a053b3f6592d0054d227aebb387e52305aca",
      "seed": 1198223,
      "state_sha256": "dac431f5ccb850c3c3a044b82730a916ba2f540692822d6d9b5de407ab144ece",
      "warmup_steps": 12
    },
    {
      "accepted": false,
      "best_action": 1368,
      "best_return": -1.2901823860530568,
      "best_reward_return": 0.05201448338300285,
      "noop_margin": 0.016801229733142575,
      "noop_return": -1.3069836157861994,
      "noop_reward_margin": 0.012032800159039875,
      "noop_reward_return": 0.03998168322396298,
      "opponent": "slow-push",
      "opponent_randomness": "deterministic-strategy",
      "parent_action": 2304,
      "parent_margin": 0.016801229733142575,
      "parent_return": -1.3069836157861994,
      "parent_reward_margin": 0.012032800159039875,
      "parent_reward_return": 0.03998168322396298,
      "probe": "023_w012_slow-push_1198224.json",
      "probe_sha256": "4eaa351c2bc70f1d95720b8a92aaad67ef4800b7abd65623ee6a1034fff2c747",
      "seed": 1198224,
      "state_sha256": "661048dc0db7e61dcd5d7a3158c54bf2657ecc7d2fa1fbe4c28dbe2c19223fbc",
      "warmup_steps": 12
    },
    {
      "accepted": true,
      "best_action": 1368,
      "best_return": -1.3506436329688072,
      "best_reward_return": 0.005578850040980235,
      "noop_margin": 0.06951292793739605,
      "noop_return": -1.4201565609062032,
      "noop_reward_margin": 0.06000365579364238,
      "noop_reward_return": -0.05442480575266214,
      "opponent": "split-lane",
      "opponent_randomness": "deterministic-strategy",
      "parent_action": 2304,
      "parent_margin": 0.06951292793739605,
      "parent_return": -1.4201565609062032,
      "parent_reward_margin": 0.06000365579364238,
      "parent_reward_return": -0.05442480575266214,
      "probe": "024_w012_split-lane_1198225.json",
      "probe_sha256": "adcac69b4e4ae31de55a6fece7d471799dfcbc42b14d56ec212de0df2eff281a",
      "seed": 1198225,
      "state_sha256": "19a213a6e5a818b05cc82ae99103a48b02e1ed83ccb437a65362f2706edc32ef",
      "warmup_steps": 12
    },
    {
      "accepted": true,
      "best_action": 1368,
      "best_return": -1.3506436329688072,
      "best_reward_return": 0.005578850040980235,
      "noop_margin": 0.06951292793739605,
      "noop_return": -1.4201565609062032,
      "noop_reward_margin": 0.06000365579364238,
      "noop_reward_return": -0.05442480575266214,
      "opponent": "split-lane",
      "opponent_randomness": "deterministic-strategy",
      "parent_action": 2304,
      "parent_margin": 0.06951292793739605,
      "parent_return": -1.4201565609062032,
      "parent_reward_margin": 0.06000365579364238,
      "parent_reward_return": -0.05442480575266214,
      "probe": "025_w012_split-lane_1198226.json",
      "probe_sha256": "a7b0fb54e652ee2f87dc72d7e1e14c30957513d5c589f61d0470d3a749d6a946",
      "seed": 1198226,
      "state_sha256": "d128ea01112755321a1432f822fae748d075e5cdff3d2ddd0dc19e474dffc58d",
      "warmup_steps": 12
    },
    {
      "accepted": true,
      "best_action": 1411,
      "best_return": -1.334227488121607,
      "best_reward_return": 0.013138720880455245,
      "noop_margin": 0.03117753128983458,
      "noop_return": -1.3654050194114415,
      "noop_reward_margin": 0.04486153107663355,
      "noop_reward_return": -0.03172281019617831,
      "opponent": "random",
      "opponent_randomness": "common-quantile-v1",
      "parent_action": 2304,
      "parent_margin": 0.03117753128983458,
      "parent_return": -1.3654050194114415,
      "parent_reward_margin": 0.04486153107663355,
      "parent_reward_return": -0.03172281019617831,
      "probe": "026_w012_random_1198227.json",
      "probe_sha256": "2f0701451943329cf171d62ce7df3272120ffd305361411da13d4872a58c4e4b",
      "seed": 1198227,
      "state_sha256": "e007f829c925beaf612b36729b99dcfc5a098d3351b59069b18a18e82f36b4d4",
      "warmup_steps": 12
    },
    {
      "accepted": true,
      "best_action": 1368,
      "best_return": -1.3450268259596037,
      "best_reward_return": 0.019084589047397554,
      "noop_margin": 0.05157423883628498,
      "noop_return": -1.3966010647958886,
      "noop_reward_margin": 0.05201446823682873,
      "noop_reward_return": -0.032929879189431174,
      "opponent": "random",
      "opponent_randomness": "common-quantile-v1",
      "parent_action": 2304,
      "parent_margin": 0.05157423883628498,
      "parent_return": -1.3966010647958886,
      "parent_reward_margin": 0.05201446823682873,
      "parent_reward_return": -0.032929879189431174,
      "probe": "027_w012_random_1198228.json",
      "probe_sha256": "0463b8db980e59ba53989b14ee2c9f490a8ed36ab6d75c3dd1b0fae2fd3a674f",
      "seed": 1198228,
      "state_sha256": "46c02a58cfaac0abc375e53e0bffae1aab1aaeb0e1e5f5efdd118bd69b46b4d4",
      "warmup_steps": 12
    },
    {
      "accepted": true,
      "best_action": 172,
      "best_return": -1.379233908833428,
      "best_reward_return": -0.02532355502817809,
      "noop_margin": 0.1284413690444639,
      "noop_return": -1.507675277877892,
      "noop_reward_margin": 0.10999063084092314,
      "noop_reward_return": -0.13531418586910124,
      "opponent": "balanced",
      "opponent_randomness": "deterministic-strategy",
      "parent_action": 1944,
      "parent_margin": 0.1294985537897797,
      "parent_return": -1.5087324626232077,
      "parent_reward_margin": 0.10999063084092314,
      "parent_reward_return": -0.13531418586910124,
      "probe": "028_w013_balanced_1198229.json",
      "probe_sha256": "8535aa1b3a94f4ca26d0b3700362920d55152917847f59611bb0b89bfe15282e",
      "seed": 1198229,
      "state_sha256": "655968bd951686365b901d925ee23a6409876d8be7e23440455b4554576d29e8",
      "warmup_steps": 13
    },
    {
      "accepted": true,
      "best_action": 1218,
      "best_return": -1.375636861450979,
      "best_reward_return": -0.012032793652287646,
      "noop_margin": 0.13203841642691283,
      "noop_return": -1.507675277877892,
      "noop_reward_margin": 0.1232813922168136,
      "noop_reward_return": -0.13531418586910124,
      "opponent": "balanced",
      "opponent_randomness": "deterministic-strategy",
      "parent_action": 1944,
      "parent_margin": 0.13309560117222863,
      "parent_return": -1.5087324626232077,
      "parent_reward_margin": 0.1232813922168136,
      "parent_reward_return": -0.13531418586910124,
      "probe": "029_w013_balanced_1198230.json",
      "probe_sha256": "b669ebef4fca5bdf0350433cb7f0fc7c907dc13110c47186a149c48251316023",
      "seed": 1198230,
      "state_sha256": "091bc852d01ff4b678abdbadeeefbe0d0efdfa959f46cb44895c273f65a98fa2",
      "warmup_steps": 13
    },
    {
      "accepted": true,
      "best_action": 172,
      "best_return": -1.3562123810616842,
      "best_reward_return": -0.01859611703531798,
      "noop_margin": 0.08125182982347279,
      "noop_return": -1.437464210885157,
      "noop_reward_margin": 0.06628973786107296,
      "noop_reward_return": -0.08488585489639094,
      "opponent": "bridge-pressure",
      "opponent_randomness": "deterministic-strategy",
      "parent_action": 1944,
      "parent_margin": 0.0867984031783211,
      "parent_return": -1.4430107842400053,
      "parent_reward_margin": 0.06628973786107296,
      "parent_reward_return": -0.08488585489639094,
      "probe": "030_w013_bridge-pressure_1198231.json",
      "probe_sha256": "fd20bb2cdd8d9e6e2c30596f8c3f96eb83bdc5cf174298716ce5bf08fe2fa3fa",
      "seed": 1198231,
      "state_sha256": "534c72a24b60a710260823f2725ac4d2de459daa7426e639f6f737828654a7f2",
      "warmup_steps": 13
    },
    {
      "accepted": true,
      "best_action": 172,
      "best_return": -1.3562123810616842,
      "best_reward_return": -0.01859611703531798,
      "noop_margin": 0.08125182982347279,
      "noop_return": -1.437464210885157,
      "noop_reward_margin": 0.06628973786107296,
      "noop_reward_return": -0.08488585489639094,
      "opponent": "bridge-pressure",
      "opponent_randomness": "deterministic-strategy",
      "parent_action": 1944,
      "parent_margin": 0.0867984031783211,
      "parent_return": -1.4430107842400053,
      "parent_reward_margin": 0.06628973786107296,
      "parent_reward_return": -0.08488585489639094,
      "probe": "031_w013_bridge-pressure_1198232.json",
      "probe_sha256": "cd602df044bc1c273debc17d04a47ada7fb9490ac21b85a5d38cfc4e0f2e13b8",
      "seed": 1198232,
      "state_sha256": "9e87aab52be231d857a4e2cf158134726ffb7bee709d843541b33c5a7aa98b8c",
      "warmup_steps": 13
    },
    {
      "accepted": false,
      "best_action": 1368,
      "best_return": -1.3297836836820844,
      "best_reward_return": 0.03467632113595977,
      "noop_margin": 0.03258182274432042,
      "noop_return": -1.3623655064264049,
      "noop_reward_margin": 0.03467632113595977,
      "noop_reward_return": 0.0,
      "opponent": "reactive-defense",
      "opponent_randomness": "deterministic-strategy",
      "parent_action": 1368,
      "parent_margin": 0.0,
      "parent_return": -1.3297836836820844,
      "parent_reward_margin": 0.0,
      "parent_reward_return": 0.03467632113595977,
      "probe": "032_w013_reactive-defense_1198233.json",
      "probe_sha256": "e699b8741e4f863a9297365f1883da76a80e235142f06a0c108e33e5454bfeca",
      "seed": 1198233,
      "state_sha256": "2bed4998a2b4a7dadbad4b4e04d0ae40542c77609ce381e0d673ed66aefc531c",
      "warmup_steps": 13
    },
    {
      "accepted": false,
      "best_action": 1368,
      "best_return": -1.3297836836820844,
      "best_reward_return": 0.03467632113595977,
      "noop_margin": 0.03258182274432042,
      "noop_return": -1.3623655064264049,
      "noop_reward_margin": 0.03467632113595977,
      "noop_reward_return": 0.0,
      "opponent": "reactive-defense",
      "opponent_randomness": "deterministic-strategy",
      "parent_action": 1368,
      "parent_margin": 0.0,
      "parent_return": -1.3297836836820844,
      "parent_reward_margin": 0.0,
      "parent_reward_return": 0.03467632113595977,
      "probe": "033_w013_reactive-defense_1198234.json",
      "probe_sha256": "6415b1d515bdc5ed93811c5f98ca22169808f91de385524f32d98d1cf4e70863",
      "seed": 1198234,
      "state_sha256": "dbaea2394926dc89e1cfcdc4fb7e57ccabf54db18f4599fc4376eb510c1aa112",
      "warmup_steps": 13
    },
    {
      "accepted": false,
      "best_action": 1368,
      "best_return": -1.3203219852032273,
      "best_reward_return": 0.039981683308072974,
      "noop_margin": 0.04880074992809358,
      "noop_return": -1.3691227351313209,
      "noop_reward_margin": 0.0520144774007317,
      "noop_reward_return": -0.012032794092658729,
      "opponent": "spell-control",
      "opponent_randomness": "deterministic-strategy",
      "parent_action": 1368,
      "parent_margin": 0.0,
      "parent_return": -1.3203219852032273,
      "parent_reward_margin": 0.0,
      "parent_reward_return": 0.039981683308072974,
      "probe": "034_w013_spell-control_1198235.json",
      "probe_sha256": "8e0cdec6d11ff57f8554cd484dc6df9dae5ff669975039093bd096f7fdef5650",
      "seed": 1198235,
      "state_sha256": "c662a1704bbd98db18025deea548fd43b363f5995f9d7c331e96d647415f6339",
      "warmup_steps": 13
    },
    {
      "accepted": false,
      "best_action": 1368,
      "best_return": -1.3203219852032273,
      "best_reward_return": 0.039981683308072974,
      "noop_margin": 0.04880074992809358,
      "noop_return": -1.3691227351313209,
      "noop_reward_margin": 0.0520144774007317,
      "noop_reward_return": -0.012032794092658729,
      "opponent": "spell-control",
      "opponent_randomness": "deterministic-strategy",
      "parent_action": 1368,
      "parent_margin": 0.0,
      "parent_return": -1.3203219852032273,
      "parent_reward_margin": 0.0,
      "parent_reward_return": 0.039981683308072974,
      "probe": "035_w013_spell-control_1198236.json",
      "probe_sha256": "0b634fe26d4a1982810ce96b31881a574a8af4a9261484dd088e8c067372ba42",
      "seed": 1198236,
      "state_sha256": "d18e5b9ec9484642f0bcea243832234359023e64347ee9671c79d93ef657c338",
      "warmup_steps": 13
    },
    {
      "accepted": false,
      "best_action": 1368,
      "best_return": -1.3070945962542528,
      "best_reward_return": 0.03998168495772732,
      "noop_margin": 0.046324264388912795,
      "noop_return": -1.3534188606431656,
      "noop_reward_margin": 0.05201448042211372,
      "noop_reward_return": -0.012032795464386405,
      "opponent": "slow-push",
      "opponent_randomness": "deterministic-strategy",
      "parent_action": 1368,
      "parent_margin": 0.0,
      "parent_return": -1.3070945962542528,
      "parent_reward_margin": 0.0,
      "parent_reward_return": 0.03998168495772732,
      "probe": "036_w013_slow-push_1198237.json",
      "probe_sha256": "66cfa5fc3a6a117d63f35391fcae882099718f171bcc4891c810879bbcf1b7b1",
      "seed": 1198237,
      "state_sha256": "47d1f3863173b1e94d883fd8a88f4aedfcab016a8b19ed3c5462b54b3ca63c38",
      "warmup_steps": 13
    },
    {
      "accepted": false,
      "best_action": 1368,
      "best_return": -1.3070945962542528,
      "best_reward_return": 0.03998168495772732,
      "noop_margin": 0.046324264388912795,
      "noop_return": -1.3534188606431656,
      "noop_reward_margin": 0.05201448042211372,
      "noop_reward_return": -0.012032795464386405,
      "opponent": "slow-push",
      "opponent_randomness": "deterministic-strategy",
      "parent_action": 1368,
      "parent_margin": 0.0,
      "parent_return": -1.3070945962542528,
      "parent_reward_margin": 0.0,
      "parent_reward_return": 0.03998168495772732,
      "probe": "037_w013_slow-push_1198238.json",
      "probe_sha256": "6fa8e81b61aeec71eb2f0508c21c82ee185839a2a46a62a8d4f7c5ef189b3887",
      "seed": 1198238,
      "state_sha256": "cba3fd261de0d3e6fa5a995229c3ca3d46845c328387144c00183f837d2fdcaf",
      "warmup_steps": 13
    },
    {
      "accepted": true,
      "best_action": 1368,
      "best_return": -1.3766519479220851,
      "best_reward_return": -0.013458619967454725,
      "noop_margin": 0.06776370956809297,
      "noop_return": -1.444415657490178,
      "noop_reward_margin": 0.06966330207387314,
      "noop_reward_return": -0.08312192204132787,
      "opponent": "split-lane",
      "opponent_randomness": "deterministic-strategy",
      "parent_action": 1944,
      "parent_margin": 0.05428611870022726,
      "parent_return": -1.4309380666223124,
      "parent_reward_margin": 0.052014471575019476,
      "parent_reward_return": -0.0654730915424742,
      "probe": "038_w013_split-lane_1198239.json",
      "probe_sha256": "a3a4049dd99a543b68f40a36242e82097932c7a73c038933c9f0f342c6967f86",
      "seed": 1198239,
      "state_sha256": "60b9268c6dc5389f838276c09af2a90ed686719978e8e9bd186ad724298ed879",
      "warmup_steps": 13
    },
    {
      "accepted": true,
      "best_action": 1368,
      "best_return": -1.3766519479220851,
      "best_reward_return": -0.013458619967454725,
      "noop_margin": 0.06776370956809297,
      "noop_return": -1.444415657490178,
      "noop_reward_margin": 0.06966330207387314,
      "noop_reward_return": -0.08312192204132787,
      "opponent": "split-lane",
      "opponent_randomness": "deterministic-strategy",
      "parent_action": 1944,
      "parent_margin": 0.05428611870022726,
      "parent_return": -1.4309380666223124,
      "parent_reward_margin": 0.052014471575019476,
      "parent_reward_return": -0.0654730915424742,
      "probe": "039_w013_split-lane_1198240.json",
      "probe_sha256": "ce8e91fdd82ad8e8dc05e23707a09f2981dc423662611a7b8a831c2684afea36",
      "seed": 1198240,
      "state_sha256": "e8163de9b3d334d89627ebb6b40efe12db94a86215a6831166c950737c78e1b5",
      "warmup_steps": 13
    },
    {
      "accepted": true,
      "best_action": 1390,
      "best_return": -1.3247989505870892,
      "best_reward_return": 0.03562394451816386,
      "noop_margin": 0.04871915207904043,
      "noop_return": -1.3735181026661296,
      "noop_reward_margin": 0.05201447789434832,
      "noop_reward_return": -0.01639053337618446,
      "opponent": "random",
      "opponent_randomness": "common-quantile-v1",
      "parent_action": 1944,
      "parent_margin": 0.051507659172713716,
      "parent_return": -1.376306609759803,
      "parent_reward_margin": 0.05201447789434832,
      "parent_reward_return": -0.01639053337618446,
      "probe": "040_w013_random_1198241.json",
      "probe_sha256": "aa084d788400aa12861d5cfc8e8764441482d5ab3771edb8ba65b285a43e6ae1",
      "seed": 1198241,
      "state_sha256": "f925ac2e6bf7878edd45ed66793ef572c6a5c63fdda4cafd530f93d8d227e6ff",
      "warmup_steps": 13
    },
    {
      "accepted": true,
      "best_action": 1405,
      "best_return": -1.3144080905022881,
      "best_reward_return": 0.04545112071506573,
      "noop_margin": 0.048697267334244954,
      "noop_return": -1.363105357836533,
      "noop_reward_margin": 0.0520144724979113,
      "noop_reward_return": -0.006563351782845572,
      "opponent": "random",
      "opponent_randomness": "common-quantile-v1",
      "parent_action": 1944,
      "parent_margin": 0.05152150012717005,
      "parent_return": -1.3659295906294582,
      "parent_reward_margin": 0.0520144724979113,
      "parent_reward_return": -0.006563351782845572,
      "probe": "041_w013_random_1198242.json",
      "probe_sha256": "61cdf7c1ce967f733e647eabbb0fd2f4e8785f54b3fece1693f2a6e38cd0670c",
      "seed": 1198242,
      "state_sha256": "86be0cdbd42e5f560d496468737ec6e0f6d97e9802852d3db5d5354683ee0f26",
      "warmup_steps": 13
    },
    {
      "accepted": true,
      "best_action": 208,
      "best_return": -1.4160518026363056,
      "best_reward_return": -0.0539287658965389,
      "noop_margin": 0.10570168855159001,
      "noop_return": -1.5217534911878956,
      "noop_reward_margin": 0.09680926605527292,
      "noop_reward_return": -0.15073803195181182,
      "opponent": "balanced",
      "opponent_randomness": "deterministic-strategy",
      "parent_action": 2304,
      "parent_margin": 0.10570168855159001,
      "parent_return": -1.5217534911878956,
      "parent_reward_margin": 0.09680926605527292,
      "parent_reward_return": -0.15073803195181182,
      "probe": "042_w014_balanced_1198243.json",
      "probe_sha256": "eccf09801d9426aeaaf8bbed5c006f6562b205373d5668c25a8d98f9179193e6",
      "seed": 1198243,
      "state_sha256": "3e6bee9e978d41798149b44621af553b04e68c1cc7e3b5f61e8b09aaa2bc5348",
      "warmup_steps": 14
    },
    {
      "accepted": true,
      "best_action": 208,
      "best_return": -1.4160518026363056,
      "best_reward_return": -0.0539287658965389,
      "noop_margin": 0.10570168855159001,
      "noop_return": -1.5217534911878956,
      "noop_reward_margin": 0.09680926605527292,
      "noop_reward_return": -0.15073803195181182,
      "opponent": "balanced",
      "opponent_randomness": "deterministic-strategy",
      "parent_action": 2304,
      "parent_margin": 0.10570168855159001,
      "parent_return": -1.5217534911878956,
      "parent_reward_margin": 0.09680926605527292,
      "parent_reward_return": -0.15073803195181182,
      "probe": "043_w014_balanced_1198244.json",
      "probe_sha256": "1af8fb3b9551b9168f091ef2d97c9df434136f6564f83868f7bfc6384794165d",
      "seed": 1198244,
      "state_sha256": "b45f74254b47d6010a0c66cca223181ef02f0ac0707f1a1761bda08a75a0fac4",
      "warmup_steps": 14
    },
    {
      "accepted": true,
      "best_action": 1368,
      "best_return": -1.3892468111996346,
      "best_reward_return": -0.0328713841460089,
      "noop_margin": 0.053887851950765064,
      "noop_return": -1.4431346631503996,
      "noop_reward_margin": 0.05201447238408073,
      "noop_reward_return": -0.08488585653008963,
      "opponent": "bridge-pressure",
      "opponent_randomness": "deterministic-strategy",
      "parent_action": 2304,
      "parent_margin": 0.053887851950765064,
      "parent_return": -1.4431346631503996,
      "parent_reward_margin": 0.05201447238408073,
      "parent_reward_return": -0.08488585653008963,
      "probe": "044_w014_bridge-pressure_1198245.json",
      "probe_sha256": "f3d5705bb1cf18db1228306f2553c672b22d9ebe16847d18d565a25c432f34e9",
      "seed": 1198245,
      "state_sha256": "8473363f7bc98f802140be352c9480522ff60018bd074e41c7d081c47f4e803d",
      "warmup_steps": 14
    },
    {
      "accepted": true,
      "best_action": 1368,
      "best_return": -1.3892468111996346,
      "best_reward_return": -0.0328713841460089,
      "noop_margin": 0.053887851950765064,
      "noop_return": -1.4431346631503996,
      "noop_reward_margin": 0.05201447238408073,
      "noop_reward_return": -0.08488585653008963,
      "opponent": "bridge-pressure",
      "opponent_randomness": "deterministic-strategy",
      "parent_action": 2304,
      "parent_margin": 0.053887851950765064,
      "parent_return": -1.4431346631503996,
      "parent_reward_margin": 0.05201447238408073,
      "parent_reward_return": -0.08488585653008963,
      "probe": "045_w014_bridge-pressure_1198246.json",
      "probe_sha256": "7b1473d523e97018acb0ea91f184659e935f0404ba751ddd0b38d620afd9e41f",
      "seed": 1198246,
      "state_sha256": "01dff0924316c8a15ad9187a19fcb3569df69e94f2484baa20a6831c3b6ca1af",
      "warmup_steps": 14
    },
    {
      "accepted": false,
      "best_action": 1944,
      "best_return": -1.3266937244785708,
      "best_reward_return": 0.034676324446195755,
      "noop_margin": 0.0031980859263149863,
      "noop_return": -1.3298918104048858,
      "noop_reward_margin": 1.6592661619685423e-09,
      "noop_reward_return": 0.03467632278692959,
      "opponent": "reactive-defense",
      "opponent_randomness": "deterministic-strategy",
      "parent_action": 2304,
      "parent_margin": 0.0031980859263149863,
      "parent_return": -1.3298918104048858,
      "parent_reward_margin": 1.6592661619685423e-09,
      "parent_reward_return": 0.03467632278692959,
      "probe": "046_w014_reactive-defense_1198247.json",
      "probe_sha256": "c469baa4cc1532f228e07cef8ea2fcd7957f2984fcb004cf9cc9883d7b40d8d6",
      "seed": 1198247,
      "state_sha256": "78c47bc6701c0855a0f3004edf586edd26c041d668c99085a8d2ae93fcaf5cf8",
      "warmup_steps": 14
    },
    {
      "accepted": false,
      "best_action": 1944,
      "best_return": -1.3266937244785708,
      "best_reward_return": 0.034676324446195755,
      "noop_margin": 0.0031980859263149863,
      "noop_return": -1.3298918104048858,
      "noop_reward_margin": 1.6592661619685423e-09,
      "noop_reward_return": 0.03467632278692959,
      "opponent": "reactive-defense",
      "opponent_randomness": "deterministic-strategy",
      "parent_action": 2304,
      "parent_margin": 0.0031980859263149863,
      "parent_return": -1.3298918104048858,
      "parent_reward_margin": 1.6592661619685423e-09,
      "parent_reward_return": 0.03467632278692959,
      "probe": "047_w014_reactive-defense_1198248.json",
      "probe_sha256": "b720f19362aa78574c95e5ee68faa291fc416be78b8f0646b3c6e39947ed41ee",
      "seed": 1198248,
      "state_sha256": "94192ff2f0386c8def7e70800f6ac2c0637c8293b1f7927d881d1467e3b04c15",
      "warmup_steps": 14
    },
    {
      "accepted": false,
      "best_action": 1344,
      "best_return": -1.2997962985585243,
      "best_reward_return": 0.05201448338300285,
      "noop_margin": 0.020656961000666385,
      "noop_return": -1.3204532595591907,
      "noop_reward_margin": 0.01203279834074289,
      "noop_reward_return": 0.03998168504225996,
      "opponent": "spell-control",
      "opponent_randomness": "deterministic-strategy",
      "parent_action": 2304,
      "parent_margin": 0.020656961000666385,
      "parent_return": -1.3204532595591907,
      "parent_reward_margin": 0.01203279834074289,
      "parent_reward_return": 0.03998168504225996,
      "probe": "048_w014_spell-control_1198249.json",
      "probe_sha256": "6fef3ef002d118221eb1930a7195432c5cc4f1415ae0e106163f7679f6ef22c3",
      "seed": 1198249,
      "state_sha256": "f75eb0cc47df5b09834731d0fd72e4926c1c766f3203f6f4ca05d478c93790af",
      "warmup_steps": 14
    },
    {
      "accepted": false,
      "best_action": 208,
      "best_return": -1.3012440349569037,
      "best_reward_return": 0.05201448338300285,
      "noop_margin": 0.019209224602287023,
      "noop_return": -1.3204532595591907,
      "noop_reward_margin": 0.01203279834074289,
      "noop_reward_return": 0.03998168504225996,
      "opponent": "spell-control",
      "opponent_randomness": "deterministic-strategy",
      "parent_action": 2304,
      "parent_margin": 0.019209224602287023,
      "parent_return": -1.3204532595591907,
      "parent_reward_margin": 0.01203279834074289,
      "parent_reward_return": 0.03998168504225996,
      "probe": "049_w014_spell-control_1198250.json",
      "probe_sha256": "7822d6c6be6d8f53a7e457cd8653b3e8a69ad715d9b1a811728f4485c0fe2cfc",
      "seed": 1198250,
      "state_sha256": "bdca197eda0c89a509fafbf905c5e8d3a10cc0144dce67c64eaa6dfb049703c9",
      "warmup_steps": 14
    },
    {
      "accepted": false,
      "best_action": 1944,
      "best_return": -1.2904452545002898,
      "best_reward_return": 0.05201448420807514,
      "noop_margin": 0.01676127348931966,
      "noop_return": -1.3072065279896095,
      "noop_reward_margin": 0.012032797507871111,
      "noop_reward_return": 0.03998168670020403,
      "opponent": "slow-push",
      "opponent_randomness": "deterministic-strategy",
      "parent_action": 2304,
      "parent_margin": 0.01676127348931966,
      "parent_return": -1.3072065279896095,
      "parent_reward_margin": 0.012032797507871111,
      "parent_reward_return": 0.03998168670020403,
      "probe": "050_w014_slow-push_1198251.json",
      "probe_sha256": "7d9fde24c3c13914bd5a2bbcdfbbdd2ee4aab036fec08f8a7f763517bdc09235",
      "seed": 1198251,
      "state_sha256": "a527d48021ea39aa7b011f83f84127591f9b781b39449b227a4740df28da0524",
      "warmup_steps": 14
    },
    {
      "accepted": false,
      "best_action": 1944,
      "best_return": -1.2904452545002898,
      "best_reward_return": 0.05201448420807514,
      "noop_margin": 0.01676127348931966,
      "noop_return": -1.3072065279896095,
      "noop_reward_margin": 0.012032797507871111,
      "noop_reward_return": 0.03998168670020403,
      "opponent": "slow-push",
      "opponent_randomness": "deterministic-strategy",
      "parent_action": 2304,
      "parent_margin": 0.01676127348931966,
      "parent_return": -1.3072065279896095,
      "parent_reward_margin": 0.012032797507871111,
      "parent_reward_return": 0.03998168670020403,
      "probe": "051_w014_slow-push_1198252.json",
      "probe_sha256": "ffc8aac462ce0f64f838ac39c9004a234947470d650f8314cdd2f409bd81d17c",
      "seed": 1198252,
      "state_sha256": "8708def7631edcf252c05d7eaa033dffd609c2ed1dd7d1b43e58909604a6aec5",
      "warmup_steps": 14
    },
    {
      "accepted": true,
      "best_action": 230,
      "best_return": -1.3669257099952197,
      "best_reward_return": -0.01203279376320956,
      "noop_margin": 0.0641235512213365,
      "noop_return": -1.4310492612165562,
      "noop_reward_margin": 0.053440298777020494,
      "noop_reward_return": -0.06547309254023005,
      "opponent": "split-lane",
      "opponent_randomness": "deterministic-strategy",
      "parent_action": 2304,
      "parent_margin": 0.0641235512213365,
      "parent_return": -1.4310492612165562,
      "parent_reward_margin": 0.053440298777020494,
      "parent_reward_return": -0.06547309254023005,
      "probe": "052_w014_split-lane_1198253.json",
      "probe_sha256": "53d93f9990964effced06f446650148a979af0e34c64a084dd877a58b873b616",
      "seed": 1198253,
      "state_sha256": "2cf79723cf3dd76083ba63f964c27dca2cf45f2845c3794ccde9e2a4249288a1",
      "warmup_steps": 14
    },
    {
      "accepted": true,
      "best_action": 1368,
      "best_return": -1.3783290459948172,
      "best_reward_return": -0.013458618424717274,
      "noop_margin": 0.052720215221738975,
      "noop_return": -1.4310492612165562,
      "noop_reward_margin": 0.05201447411551278,
      "noop_reward_return": -0.06547309254023005,
      "opponent": "split-lane",
      "opponent_randomness": "deterministic-strategy",
      "parent_action": 2304,
      "parent_margin": 0.052720215221738975,
      "parent_return": -1.4310492612165562,
      "parent_reward_margin": 0.05201447411551278,
      "parent_reward_return": -0.06547309254023005,
      "probe": "053_w014_split-lane_1198254.json",
      "probe_sha256": "f3ef27c3059aed042fbfc3c82627f924bf7c37c0097826150a5457a9c7af68ea",
      "seed": 1198254,
      "state_sha256": "95077d857fe180ca7d3719f51e62564e6a7cdbcf8a24457f6cc6070d1f34d5ca",
      "warmup_steps": 14
    },
    {
      "accepted": true,
      "best_action": 1368,
      "best_return": -1.3161310202785719,
      "best_reward_return": 0.02433526669047541,
      "noop_margin": 0.04987399264692183,
      "noop_return": -1.3660050129254937,
      "noop_reward_margin": 0.05201446937931442,
      "noop_reward_return": -0.02767920268883901,
      "opponent": "random",
      "opponent_randomness": "common-quantile-v1",
      "parent_action": 2304,
      "parent_margin": 0.04987399264692183,
      "parent_return": -1.3660050129254937,
      "parent_reward_margin": 0.05201446937931442,
      "parent_reward_return": -0.02767920268883901,
      "probe": "054_w014_random_1198255.json",
      "probe_sha256": "b8396f591ba3c10d106edfe7a7305d0e5b89d16cd95a75d738b9b244faf046d3",
      "seed": 1198255,
      "state_sha256": "36041774f38a46b8ed6e905a09c555c144033f5eb5f00b7fcd2f2d5b694aae96",
      "warmup_steps": 14
    },
    {
      "accepted": true,
      "best_action": 208,
      "best_return": -1.3441716143556754,
      "best_reward_return": -0.008860503509732144,
      "noop_margin": 0.06807298295210984,
      "noop_return": -1.4122445973077853,
      "noop_reward_margin": 0.060765597692421035,
      "noop_reward_return": -0.06962610120215318,
      "opponent": "random",
      "opponent_randomness": "common-quantile-v1",
      "parent_action": 2304,
      "parent_margin": 0.06807298295210984,
      "parent_return": -1.4122445973077853,
      "parent_reward_margin": 0.060765597692421035,
      "parent_reward_return": -0.06962610120215318,
      "probe": "055_w014_random_1198256.json",
      "probe_sha256": "f3334f09ead8226fcb42f7556484f320322294ee2c12e610d5813fda8610727b",
      "seed": 1198256,
      "state_sha256": "90da46e3772892355cf76c46a001681a2bd27a127ff0e5a449caef333ab36b6f",
      "warmup_steps": 14
    },
    {
      "accepted": true,
      "best_action": 207,
      "best_return": -1.4052015952287087,
      "best_reward_return": -0.05753182348034097,
      "noop_margin": 0.22427124344984928,
      "noop_return": -1.629472838678558,
      "noop_reward_margin": 0.20228196986301689,
      "noop_reward_return": -0.25981379334335786,
      "opponent": "balanced",
      "opponent_randomness": "deterministic-strategy",
      "parent_action": 2304,
      "parent_margin": 0.22427124344984928,
      "parent_return": -1.629472838678558,
      "parent_reward_margin": 0.20228196986301689,
      "parent_reward_return": -0.25981379334335786,
      "probe": "056_w020_balanced_1198257.json",
      "probe_sha256": "d9499fe82aeee5329e8acfb4e5a7b8bf9351baa41770fc01b9ebb86cce4ff0f2",
      "seed": 1198257,
      "state_sha256": "8833ead128d4d98a736dc9f182e8bc3b3104b7bf4f70315d1a51bf6fe77d557e",
      "warmup_steps": 20
    },
    {
      "accepted": true,
      "best_action": 207,
      "best_return": -1.4052015952287087,
      "best_reward_return": -0.05753182348034097,
      "noop_margin": 0.22427124344984928,
      "noop_return": -1.629472838678558,
      "noop_reward_margin": 0.20228196986301689,
      "noop_reward_return": -0.25981379334335786,
      "opponent": "balanced",
      "opponent_randomness": "deterministic-strategy",
      "parent_action": 2304,
      "parent_margin": 0.22427124344984928,
      "parent_return": -1.629472838678558,
      "parent_reward_margin": 0.20228196986301689,
      "parent_reward_return": -0.25981379334335786,
      "probe": "057_w020_balanced_1198258.json",
      "probe_sha256": "7c6371ab9cb715228f29a08ab9491ba5c0a390ce440da54fb6f779faad51e8a2",
      "seed": 1198258,
      "state_sha256": "3054293839f610134cc81027fff00c00c5db47f34c53d56a1f3f13a36404c4ee",
      "warmup_steps": 20
    },
    {
      "accepted": true,
      "best_action": 1368,
      "best_return": -1.3889113813398566,
      "best_reward_return": -0.036216863979854665,
      "noop_margin": 0.05839086528671156,
      "noop_return": -1.4473022466265681,
      "noop_reward_margin": 0.05201446215427124,
      "noop_reward_return": -0.0882313261341259,
      "opponent": "bridge-pressure",
      "opponent_randomness": "deterministic-strategy",
      "parent_action": 2304,
      "parent_margin": 0.05839086528671156,
      "parent_return": -1.4473022466265681,
      "parent_reward_margin": 0.05201446215427124,
      "parent_reward_return": -0.0882313261341259,
      "probe": "058_w020_bridge-pressure_1198259.json",
      "probe_sha256": "11d3eb8e7db0b73848086f44a4bb9f8db4c95a4ea686244fc23cb5081c8ae00b",
      "seed": 1198259,
      "state_sha256": "5b27b67eb64993b09a3d707f0073be5663965e7653af666f2e66d437393424bd",
      "warmup_steps": 20
    },
    {
      "accepted": true,
      "best_action": 1368,
      "best_return": -1.3889113813398566,
      "best_reward_return": -0.036216863979854665,
      "noop_margin": 0.05839086528671156,
      "noop_return": -1.4473022466265681,
      "noop_reward_margin": 0.05201446215427124,
      "noop_reward_return": -0.0882313261341259,
      "opponent": "bridge-pressure",
      "opponent_randomness": "deterministic-strategy",
      "parent_action": 2304,
      "parent_margin": 0.05839086528671156,
      "parent_return": -1.4473022466265681,
      "parent_reward_margin": 0.05201446215427124,
      "parent_reward_return": -0.0882313261341259,
      "probe": "059_w020_bridge-pressure_1198260.json",
      "probe_sha256": "8cb522ffaf340f8d0d66d8c7f6c469b105cf9141fabc39fd9c952fe722317f71",
      "seed": 1198260,
      "state_sha256": "379d35d37df8eb2aa4d472ab5a4c1f0a023a24e24a89badad9d51acaf85f9d65",
      "warmup_steps": 20
    },
    {
      "accepted": false,
      "best_action": 1368,
      "best_return": -1.3102053545755965,
      "best_reward_return": 0.03467633286843803,
      "noop_margin": 0.019852707655837243,
      "noop_return": -1.3300580622314337,
      "noop_reward_margin": 0.0,
      "noop_reward_return": 0.03467633286843803,
      "opponent": "reactive-defense",
      "opponent_randomness": "deterministic-strategy",
      "parent_action": 2304,
      "parent_margin": 0.019852707655837243,
      "parent_return": -1.3300580622314337,
      "parent_reward_margin": 0.0,
      "parent_reward_return": 0.03467633286843803,
      "probe": "060_w020_reactive-defense_1198261.json",
      "probe_sha256": "e5e33e57f54cc62e474f0802f83492e4446b33d288bb03aacc410e994d16286a",
      "seed": 1198261,
      "state_sha256": "a4c0a6cae095f9c4ad1126662041bc4f40a8b08aa862b985d11968224d19dc3a",
      "warmup_steps": 20
    },
    {
      "accepted": false,
      "best_action": 1368,
      "best_return": -1.3102053545755965,
      "best_reward_return": 0.03467633286843803,
      "noop_margin": 0.019852707655837243,
      "noop_return": -1.3300580622314337,
      "noop_reward_margin": 0.0,
      "noop_reward_return": 0.03467633286843803,
      "opponent": "reactive-defense",
      "opponent_randomness": "deterministic-strategy",
      "parent_action": 2304,
      "parent_margin": 0.019852707655837243,
      "parent_return": -1.3300580622314337,
      "parent_reward_margin": 0.0,
      "parent_reward_return": 0.03467633286843803,
      "probe": "061_w020_reactive-defense_1198262.json",
      "probe_sha256": "d85958cbbae8ce3c96cdcaaf802028e879dd798c9f0768b4eb169af3ee95deba",
      "seed": 1198262,
      "state_sha256": "d1574c808e1486dd540e81a651f51e2e6ee25ded5dc0e73b9bff63f001dcdfe6",
      "warmup_steps": 20
    },
    {
      "accepted": false,
      "best_action": 1368,
      "best_return": -1.266440645518136,
      "best_reward_return": 0.07089086988756625,
      "noop_margin": 0.022902709956460487,
      "noop_return": -1.2893433554745966,
      "noop_reward_margin": 0.0,
      "noop_reward_return": 0.07089086988756625,
      "opponent": "spell-control",
      "opponent_randomness": "deterministic-strategy",
      "parent_action": 2304,
      "parent_margin": 0.022902709956460487,
      "parent_return": -1.2893433554745966,
      "parent_reward_margin": 0.0,
      "parent_reward_return": 0.07089086988756625,
      "probe": "062_w020_spell-control_1198263.json",
      "probe_sha256": "ebd0ab2ad46b1a29f89130d2d6a36294d718eb24f37587e191cfa5c45cde40d2",
      "seed": 1198263,
      "state_sha256": "e9f3e5643b51bbdfcc2be58c541cbd0619f0b88e60ce94e32b6ef3ec2f9636e7",
      "warmup_steps": 20
    },
    {
      "accepted": false,
      "best_action": 1368,
      "best_return": -1.266440645518136,
      "best_reward_return": 0.07089086988756625,
      "noop_margin": 0.022902709956460487,
      "noop_return": -1.2893433554745966,
      "noop_reward_margin": 0.0,
      "noop_reward_return": 0.07089086988756625,
      "opponent": "spell-control",
      "opponent_randomness": "deterministic-strategy",
      "parent_action": 2304,
      "parent_margin": 0.022902709956460487,
      "parent_return": -1.2893433554745966,
      "parent_reward_margin": 0.0,
      "parent_reward_return": 0.07089086988756625,
      "probe": "063_w020_spell-control_1198264.json",
      "probe_sha256": "5c8950c95f56b2b3ef60e82cffe5d9ccb1ef08023da88d370599f28dca5dd925",
      "seed": 1198264,
      "state_sha256": "4c84b1ad74fde122eca53c8dfda37d8d29d232a0df24885df3f3df957cc249c5",
      "warmup_steps": 20
    },
    {
      "accepted": true,
      "best_action": 1366,
      "best_return": -1.2458528853220716,
      "best_reward_return": 0.0985595059542763,
      "noop_margin": 0.026837782758418305,
      "noop_return": -1.27269066808049,
      "noop_reward_margin": 0.023901510790324654,
      "noop_reward_return": 0.07465799516395165,
      "opponent": "slow-push",
      "opponent_randomness": "deterministic-strategy",
      "parent_action": 2304,
      "parent_margin": 0.026837782758418305,
      "parent_return": -1.27269066808049,
      "parent_reward_margin": 0.023901510790324654,
      "parent_reward_return": 0.07465799516395165,
      "probe": "064_w020_slow-push_1198265.json",
      "probe_sha256": "c9b4534913b1cfbb7c008071f5de7ae822a34407cdfa22870336a9b8738103ee",
      "seed": 1198265,
      "state_sha256": "b1c0831b601533b1abdf25eb637ae180c9d560ebca0b262cecd85747c0048fd3",
      "warmup_steps": 20
    },
    {
      "accepted": false,
      "best_action": 208,
      "best_return": -1.2574304978302175,
      "best_reward_return": 0.08669080298536236,
      "noop_margin": 0.015260170250272376,
      "noop_return": -1.27269066808049,
      "noop_reward_margin": 0.01203280782141071,
      "noop_reward_return": 0.07465799516395165,
      "opponent": "slow-push",
      "opponent_randomness": "deterministic-strategy",
      "parent_action": 2304,
      "parent_margin": 0.015260170250272376,
      "parent_return": -1.27269066808049,
      "parent_reward_margin": 0.01203280782141071,
      "parent_reward_return": 0.07465799516395165,
      "probe": "065_w020_slow-push_1198266.json",
      "probe_sha256": "08d9901a866ef1d2472d019d0a155d8ba87e636aa8730fdec5296db3b4172f41",
      "seed": 1198266,
      "state_sha256": "d2c65f73c902b089c63768c8260dc3cf2eb9c3f64d1fbca0305a9b525cf9a397",
      "warmup_steps": 20
    },
    {
      "accepted": true,
      "best_action": 786,
      "best_return": -1.368767685654825,
      "best_reward_return": -0.016569417282950815,
      "noop_margin": 0.07787353468789404,
      "noop_return": -1.446641220342719,
      "noop_reward_margin": 0.06628974094882793,
      "noop_reward_return": -0.08285915823177875,
      "opponent": "split-lane",
      "opponent_randomness": "deterministic-strategy",
      "parent_action": 2304,
      "parent_margin": 0.07787353468789404,
      "parent_return": -1.446641220342719,
      "parent_reward_margin": 0.06628974094882793,
      "parent_reward_return": -0.08285915823177875,
      "probe": "066_w020_split-lane_1198267.json",
      "probe_sha256": "00eb9f328b2a63161152660d1ead3beab2a428ba7e0c5a2e9758a46bef9fd7a7",
      "seed": 1198267,
      "state_sha256": "7dd8909e0f1b2bc717f22f9ba05d8bfcec6a4d096010c0049f5568cb294eb18a",
      "warmup_steps": 20
    },
    {
      "accepted": true,
      "best_action": 210,
      "best_return": -1.342512993026321,
      "best_reward_return": 0.0015382304561110602,
      "noop_margin": 0.10412822731639793,
      "noop_return": -1.446641220342719,
      "noop_reward_margin": 0.08439738868788982,
      "noop_reward_return": -0.08285915823177875,
      "opponent": "split-lane",
      "opponent_randomness": "deterministic-strategy",
      "parent_action": 2304,
      "parent_margin": 0.10412822731639793,
      "parent_return": -1.446641220342719,
      "parent_reward_margin": 0.08439738868788982,
      "parent_reward_return": -0.08285915823177875,
      "probe": "067_w020_split-lane_1198268.json",
      "probe_sha256": "01a6f55d44a69ff6cbb39cb6d50aaa288a9e90bd695e9f7e9c24fe5547ac087c",
      "seed": 1198268,
      "state_sha256": "8fef79ea47164bb98c45eb83a656dc3bdcba8b02ebcf2ed979ab6bc0a202722d",
      "warmup_steps": 20
    },
    {
      "accepted": true,
      "best_action": 1368,
      "best_return": -1.2825075756584108,
      "best_reward_return": 0.04302632029938961,
      "noop_margin": 0.05764276027924198,
      "noop_return": -1.3401503359376528,
      "noop_reward_margin": 0.05201448288438859,
      "noop_reward_return": -0.008988162584998979,
      "opponent": "random",
      "opponent_randomness": "common-quantile-v1",
      "parent_action": 2304,
      "parent_margin": 0.05764276027924198,
      "parent_return": -1.3401503359376528,
      "parent_reward_margin": 0.05201448288438859,
      "parent_reward_return": -0.008988162584998979,
      "probe": "068_w020_random_1198269.json",
      "probe_sha256": "270e55155236aeccd12d3f737c6de29324d9414b8a007483b4bb402dcebf5835",
      "seed": 1198269,
      "state_sha256": "7a5671d47174f83119bfb91855483297d416951f9ae469afc115ccadc87a4cb1",
      "warmup_steps": 20
    },
    {
      "accepted": true,
      "best_action": 1368,
      "best_return": -1.3136635279560998,
      "best_reward_return": 0.0259866698889139,
      "noop_margin": 0.038931800725485965,
      "noop_return": -1.3525953286815857,
      "noop_reward_margin": 0.0346763203184514,
      "noop_reward_return": -0.0086896504295375,
      "opponent": "random",
      "opponent_randomness": "common-quantile-v1",
      "parent_action": 2304,
      "parent_margin": 0.038931800725485965,
      "parent_return": -1.3525953286815857,
      "parent_reward_margin": 0.0346763203184514,
      "parent_reward_return": -0.0086896504295375,
      "probe": "069_w020_random_1198270.json",
      "probe_sha256": "6f819faaf4434abadf31945c596e36820cacb22e28e7fbdeae458c778960117b",
      "seed": 1198270,
      "state_sha256": "6ff1e7b0d69d4f28f409e0407627c5d8d688943cbc84eeab265d76f4d85cf446",
      "warmup_steps": 20
    },
    {
      "accepted": false,
      "best_action": 1278,
      "best_return": -1.5946003646757014,
      "best_reward_return": -0.23303382440504963,
      "noop_margin": 0.023257053589182508,
      "noop_return": -1.617857418264884,
      "noop_reward_margin": 0.019185380847825256,
      "noop_reward_return": -0.2522192052528749,
      "opponent": "balanced",
      "opponent_randomness": "deterministic-strategy",
      "parent_action": 2304,
      "parent_margin": 0.023257053589182508,
      "parent_return": -1.617857418264884,
      "parent_reward_margin": 0.019185380847825256,
      "parent_reward_return": -0.2522192052528749,
      "probe": "070_w026_balanced_1198271.json",
      "probe_sha256": "052d7a662b71f22e4933da8883166194701102c8eabd2af32f30aa07cf1cc6a5",
      "seed": 1198271,
      "state_sha256": "4a57ce2bdad38f504bd88ee5b3873bbdc2c90e69fe85ac72209e107a7f853a4f",
      "warmup_steps": 26
    },
    {
      "accepted": false,
      "best_action": 1368,
      "best_return": -1.5946182275253273,
      "best_reward_return": -0.23303382440504963,
      "noop_margin": 0.023239190739556603,
      "noop_return": -1.617857418264884,
      "noop_reward_margin": 0.019185380847825256,
      "noop_reward_return": -0.2522192052528749,
      "opponent": "balanced",
      "opponent_randomness": "deterministic-strategy",
      "parent_action": 2304,
      "parent_margin": 0.023239190739556603,
      "parent_return": -1.617857418264884,
      "parent_reward_margin": 0.019185380847825256,
      "parent_reward_return": -0.2522192052528749,
      "probe": "071_w026_balanced_1198272.json",
      "probe_sha256": "aa817f3bc4d4b7c8da2c35cf25c0b95d91a5cc49d44c43612ce88a9566491042",
      "seed": 1198272,
      "state_sha256": "224e6a542c6e2d10a172e6fd628fc7cffc8ae3ca5df69d28d516a16ce8a73a0b",
      "warmup_steps": 26
    },
    {
      "accepted": true,
      "best_action": 1368,
      "best_return": -1.3631394082191826,
      "best_reward_return": -0.010286239159248693,
      "noop_margin": 0.0522949760283451,
      "noop_return": -1.4154343842475277,
      "noop_reward_margin": 0.04599805729187335,
      "noop_reward_return": -0.05628429645112204,
      "opponent": "bridge-pressure",
      "opponent_randomness": "deterministic-strategy",
      "parent_action": 2304,
      "parent_margin": 0.0522949760283451,
      "parent_return": -1.4154343842475277,
      "parent_reward_margin": 0.04599805729187335,
      "parent_reward_return": -0.05628429645112204,
      "probe": "072_w026_bridge-pressure_1198273.json",
      "probe_sha256": "dbc3743d3655467a1d66aca3ebe53c408069aa67e6a7fab51a5599bc9b82af10",
      "seed": 1198273,
      "state_sha256": "e887803b874758a19c8a07c1867eaae01fc670e94d7812ddd3e1de0ba1ed61c2",
      "warmup_steps": 26
    },
    {
      "accepted": true,
      "best_action": 1368,
      "best_return": -1.3631394082191826,
      "best_reward_return": -0.010286239159248693,
      "noop_margin": 0.0522949760283451,
      "noop_return": -1.4154343842475277,
      "noop_reward_margin": 0.04599805729187335,
      "noop_reward_return": -0.05628429645112204,
      "opponent": "bridge-pressure",
      "opponent_randomness": "deterministic-strategy",
      "parent_action": 2304,
      "parent_margin": 0.0522949760283451,
      "parent_return": -1.4154343842475277,
      "parent_reward_margin": 0.04599805729187335,
      "parent_reward_return": -0.05628429645112204,
      "probe": "073_w026_bridge-pressure_1198274.json",
      "probe_sha256": "734bec9019c4056bc78fac07083763ea023162e625e1cea1764079b584d59714",
      "seed": 1198274,
      "state_sha256": "a76e8eeb90954fded8baf301d3d0f453cb1366bd6a3af96f63fdc491a837feed",
      "warmup_steps": 26
    },
    {
      "accepted": false,
      "best_action": 1368,
      "best_return": -1.3162063103845694,
      "best_reward_return": 0.03467634325775587,
      "noop_margin": 0.008675531564764638,
      "noop_return": -1.324881841949334,
      "noop_reward_margin": 0.0,
      "noop_reward_return": 0.03467634325775587,
      "opponent": "reactive-defense",
      "opponent_randomness": "deterministic-strategy",
      "parent_action": 2304,
      "parent_margin": 0.008675531564764638,
      "parent_return": -1.324881841949334,
      "parent_reward_margin": 0.0,
      "parent_reward_return": 0.03467634325775587,
      "probe": "074_w026_reactive-defense_1198275.json",
      "probe_sha256": "71aa0632ba25c89230daf66c2c1865020fa9e8a347d481cfdbc1ab6f73891365",
      "seed": 1198275,
      "state_sha256": "56f3dcd5b7128e48d453d3035aaf23fef7719d8b6524ffcbbd5b52a11e63d546",
      "warmup_steps": 26
    },
    {
      "accepted": false,
      "best_action": 1368,
      "best_return": -1.3162063103845694,
      "best_reward_return": 0.03467634325775587,
      "noop_margin": 0.008675531564764638,
      "noop_return": -1.324881841949334,
      "noop_reward_margin": 0.0,
      "noop_reward_return": 0.03467634325775587,
      "opponent": "reactive-defense",
      "opponent_randomness": "deterministic-strategy",
      "parent_action": 2304,
      "parent_margin": 0.008675531564764638,
      "parent_return": -1.324881841949334,
      "parent_reward_margin": 0.0,
      "parent_reward_return": 0.03467634325775587,
      "probe": "075_w026_reactive-defense_1198276.json",
      "probe_sha256": "24481a5e3c0c73f62d9dee8c7e2a0299a24bb8c92d1d28452ae37c96441a91b7",
      "seed": 1198276,
      "state_sha256": "7926906f8bba7cb7956a3e4f65f64941e60cd8fa07eabaee0b3544f161bd157b",
      "warmup_steps": 26
    },
    {
      "accepted": false,
      "best_action": 190,
      "best_return": -1.2833179683437392,
      "best_reward_return": 0.07089087473573286,
      "noop_margin": 0.01862825082214048,
      "noop_return": -1.3019462191658797,
      "noop_reward_margin": 0.01104827213532001,
      "noop_reward_return": 0.059842602600412846,
      "opponent": "spell-control",
      "opponent_randomness": "deterministic-strategy",
      "parent_action": 2304,
      "parent_margin": 0.01862825082214048,
      "parent_return": -1.3019462191658797,
      "parent_reward_margin": 0.01104827213532001,
      "parent_reward_return": 0.059842602600412846,
      "probe": "076_w026_spell-control_1198277.json",
      "probe_sha256": "150f14de0a6d2f19039edbe3e5cc76a25c7b85c92bca115dfc4a6b7f098db715",
      "seed": 1198277,
      "state_sha256": "0f6a49a40ca0a2e3f637be3706f2484978276c0acbcc06988fc3c6d6c0942951",
      "warmup_steps": 26
    },
    {
      "accepted": true,
      "best_action": 1012,
      "best_return": -1.261208236299973,
      "best_reward_return": 0.08085894250596229,
      "noop_margin": 0.040737982865906686,
      "noop_return": -1.3019462191658797,
      "noop_reward_margin": 0.021016339905549443,
      "noop_reward_return": 0.059842602600412846,
      "opponent": "spell-control",
      "opponent_randomness": "deterministic-strategy",
      "parent_action": 2304,
      "parent_margin": 0.040737982865906686,
      "parent_return": -1.3019462191658797,
      "parent_reward_margin": 0.021016339905549443,
      "parent_reward_return": 0.059842602600412846,
      "probe": "077_w026_spell-control_1198278.json",
      "probe_sha256": "bfd0bb74ec913a9e9c9832edfc18d0e0e66234f05370d5d1605a38531ed51c07",
      "seed": 1198278,
      "state_sha256": "8d9dbfe27449307e73b56e457572b74b387cd0cfd70a2fc0e9cdd28a53683b5b",
      "warmup_steps": 26
    },
    {
      "accepted": false,
      "best_action": 208,
      "best_return": -1.2407224981044205,
      "best_reward_return": 0.10402897022281449,
      "noop_margin": 0.015232598128407604,
      "noop_return": -1.255955096232828,
      "noop_reward_margin": 0.012032822703998053,
      "noop_reward_return": 0.09199614751881643,
      "opponent": "slow-push",
      "opponent_randomness": "deterministic-strategy",
      "parent_action": 2304,
      "parent_margin": 0.015232598128407604,
      "parent_return": -1.255955096232828,
      "parent_reward_margin": 0.012032822703998053,
      "parent_reward_return": 0.09199614751881643,
      "probe": "078_w026_slow-push_1198279.json",
      "probe_sha256": "d3c31ee257f5ba18ec86fef0d0b2481b6df30bcf38dad32879da821fa430fff6",
      "seed": 1198279,
      "state_sha256": "71307ea63e0385aafd028ca8d74ae120f901dc0044277d255fd55dc2858e7dab",
      "warmup_steps": 26
    },
    {
      "accepted": false,
      "best_action": 208,
      "best_return": -1.2407224981044205,
      "best_reward_return": 0.10402897022281449,
      "noop_margin": 0.015232598128407604,
      "noop_return": -1.255955096232828,
      "noop_reward_margin": 0.012032822703998053,
      "noop_reward_return": 0.09199614751881643,
      "opponent": "slow-push",
      "opponent_randomness": "deterministic-strategy",
      "parent_action": 2304,
      "parent_margin": 0.015232598128407604,
      "parent_return": -1.255955096232828,
      "parent_reward_margin": 0.012032822703998053,
      "parent_reward_return": 0.09199614751881643,
      "probe": "079_w026_slow-push_1198280.json",
      "probe_sha256": "fdeea2ffccbd72b65e4ca6127077fe2a89c2d35507bd03dd9e82b5e73641768c",
      "seed": 1198280,
      "state_sha256": "f556997ef8d6ee8f5fe2201bb8c8e8df3576cea49db0e0392c29f2de58b8e5cf",
      "warmup_steps": 26
    },
    {
      "accepted": true,
      "best_action": 1368,
      "best_return": -1.3910354696728073,
      "best_reward_return": -0.03633302003858357,
      "noop_margin": 0.0717659050996875,
      "noop_return": -1.4628013747724948,
      "noop_reward_margin": 0.06973545929309719,
      "noop_reward_return": -0.10606847933168075,
      "opponent": "split-lane",
      "opponent_randomness": "deterministic-strategy",
      "parent_action": 2304,
      "parent_margin": 0.0717659050996875,
      "parent_return": -1.4628013747724948,
      "parent_reward_margin": 0.06973545929309719,
      "parent_reward_return": -0.10606847933168075,
      "probe": "080_w026_split-lane_1198281.json",
      "probe_sha256": "19c103b6292e3f54015b6c18daa6fe8b199a05083669738ebf62aa3113476ad2",
      "seed": 1198281,
      "state_sha256": "5eef1b031bfb0da855e89149ad202ad456d92b3c090eb9cfa85b60cf03e1534c",
      "warmup_steps": 26
    },
    {
      "accepted": true,
      "best_action": 1368,
      "best_return": -1.3910354696728073,
      "best_reward_return": -0.03633302003858357,
      "noop_margin": 0.0717659050996875,
      "noop_return": -1.4628013747724948,
      "noop_reward_margin": 0.06973545929309719,
      "noop_reward_return": -0.10606847933168075,
      "opponent": "split-lane",
      "opponent_randomness": "deterministic-strategy",
      "parent_action": 2304,
      "parent_margin": 0.0717659050996875,
      "parent_return": -1.4628013747724948,
      "parent_reward_margin": 0.06973545929309719,
      "parent_reward_return": -0.10606847933168075,
      "probe": "081_w026_split-lane_1198282.json",
      "probe_sha256": "f6c3b2bc368ea2e256d8fd1306324068901c1e01a9aa3c55a0471d81895f0bc7",
      "seed": 1198282,
      "state_sha256": "cc668a2e11fffa9eeae10def20266cea41b63256345dc51b8aa1213de9cec3fc",
      "warmup_steps": 26
    },
    {
      "accepted": false,
      "best_action": 1368,
      "best_return": -1.2560596929292067,
      "best_reward_return": 0.08292366042888477,
      "noop_margin": 0.013696461747068067,
      "noop_return": -1.2697561546762748,
      "noop_reward_margin": 0.012032785693151915,
      "noop_reward_return": 0.07089087473573286,
      "opponent": "random",
      "opponent_randomness": "common-quantile-v1",
      "parent_action": 2304,
      "parent_margin": 0.013696461747068067,
      "parent_return": -1.2697561546762748,
      "parent_reward_margin": 0.012032785693151915,
      "parent_reward_return": 0.07089087473573286,
      "probe": "082_w026_random_1198283.json",
      "probe_sha256": "38ea87a5d0944e020acb46c8f252c6e68fe3388e0fa72171abe16233bad4f983",
      "seed": 1198283,
      "state_sha256": "069af0875b4b0beb15a6b196d39978f1e4a81897ed22d7a29fc5c4f480bf2aa1",
      "warmup_steps": 26
    },
    {
      "accepted": true,
      "best_action": 1364,
      "best_return": -1.3282709607944756,
      "best_reward_return": -0.002819508758025303,
      "noop_margin": 0.09398831361290538,
      "noop_return": -1.422259274407381,
      "noop_reward_margin": 0.0644517218157874,
      "noop_reward_return": -0.06727123057381271,
      "opponent": "random",
      "opponent_randomness": "common-quantile-v1",
      "parent_action": 2304,
      "parent_margin": 0.09398831361290538,
      "parent_return": -1.422259274407381,
      "parent_reward_margin": 0.0644517218157874,
      "parent_reward_return": -0.06727123057381271,
      "probe": "083_w026_random_1198284.json",
      "probe_sha256": "3a5e34cbf0e0ea4a0dfdaa934d7c4b79cce6bb4c1548b06fe4efb3b59214756f",
      "seed": 1198284,
      "state_sha256": "fec5bcdee61e1b419d37cf7ac91ca0fbb3edc89e92423b1318fb948ad6a5821f",
      "warmup_steps": 26
    },
    {
      "accepted": false,
      "best_action": 786,
      "best_return": -1.5850008672988551,
      "best_reward_return": -0.22310655959216827,
      "noop_margin": 0.015980823462041105,
      "noop_return": -1.6009816907608962,
      "noop_reward_margin": 0.0022194532259746658,
      "noop_reward_return": -0.22532601281814293,
      "opponent": "balanced",
      "opponent_randomness": "deterministic-strategy",
      "parent_action": 1944,
      "parent_margin": 0.0012926989921286935,
      "parent_return": -1.5862935662909838,
      "parent_reward_margin": 0.0022194532259746658,
      "parent_reward_return": -0.22532601281814293,
      "probe": "084_w027_balanced_1198285.json",
      "probe_sha256": "c6fbbe41d2cd35543f4c9cf8a339e9c242c4bc41c3f958571746c512ca595557",
      "seed": 1198285,
      "state_sha256": "e53ef6f8783d700c8d894690dfdfbc26169fe6da2f8dfdb5fd89d802e8430357",
      "warmup_steps": 27
    },
    {
      "accepted": false,
      "best_action": 786,
      "best_return": -1.5850008672988551,
      "best_reward_return": -0.22310655959216827,
      "noop_margin": 0.015980823462041105,
      "noop_return": -1.6009816907608962,
      "noop_reward_margin": 0.0022194532259746658,
      "noop_reward_return": -0.22532601281814293,
      "opponent": "balanced",
      "opponent_randomness": "deterministic-strategy",
      "parent_action": 1944,
      "parent_margin": 0.0012926989921286935,
      "parent_return": -1.5862935662909838,
      "parent_reward_margin": 0.0022194532259746658,
      "parent_reward_return": -0.22532601281814293,
      "probe": "085_w027_balanced_1198286.json",
      "probe_sha256": "d52e481621a0f5f829b3f66d1e79881eb69a8e57f9a1f91aec7ee9e664bdcf3e",
      "seed": 1198286,
      "state_sha256": "5e469604c480138736dd448ec6e7d4a7af1c829280cc418a6e730d3a00a73574",
      "warmup_steps": 27
    },
    {
      "accepted": true,
      "best_action": 1368,
      "best_return": -1.3675818643793445,
      "best_reward_return": -0.012072521289237775,
      "noop_margin": 0.054826546378483165,
      "noop_return": -1.4224084107578276,
      "noop_reward_margin": 0.052014468779090633,
      "noop_reward_return": -0.06408699006832841,
      "opponent": "bridge-pressure",
      "opponent_randomness": "deterministic-strategy",
      "parent_action": 1944,
      "parent_margin": 0.049114776651479675,
      "parent_return": -1.4166966410308242,
      "parent_reward_margin": 0.045998079332430844,
      "parent_reward_return": -0.05807060062166862,
      "probe": "086_w027_bridge-pressure_1198287.json",
      "probe_sha256": "5feca3e3eda9108a2b24c3ca74192e009ffff6d91cee55c042551adbf805bcf8",
      "seed": 1198287,
      "state_sha256": "24ad0bfd3fc722b3e1d5436dc5a849214e433b3d40fd8b307fbb781016a6aac9",
      "warmup_steps": 27
    },
    {
      "accepted": true,
      "best_action": 1348,
      "best_return": -1.3482707912423877,
      "best_reward_return": 0.006304821589758543,
      "noop_margin": 0.07413761951543996,
      "noop_return": -1.4224084107578276,
      "noop_reward_margin": 0.07039181165808694,
      "noop_reward_return": -0.06408699006832841,
      "opponent": "bridge-pressure",
      "opponent_randomness": "deterministic-strategy",
      "parent_action": 1944,
      "parent_margin": 0.06842584978843647,
      "parent_return": -1.4166966410308242,
      "parent_reward_margin": 0.06437542221142717,
      "parent_reward_return": -0.05807060062166862,
      "probe": "087_w027_bridge-pressure_1198288.json",
      "probe_sha256": "f7cad13a53664bfb3b02ee25880ab82bfe8acc5d0ba4de63d09ceb9fb3bd2278",
      "seed": 1198288,
      "state_sha256": "444d8261096e08af9282469e4208cd0feee5bed3f5c72cf8f216ca4df7d4089c",
      "warmup_steps": 27
    },
    {
      "accepted": false,
      "best_action": 1368,
      "best_return": -1.3173692964001502,
      "best_reward_return": 0.03467634501989052,
      "noop_margin": 0.012311055274182525,
      "noop_return": -1.3296803516743327,
      "noop_reward_margin": 0.004430261971768337,
      "noop_reward_return": 0.03024608304812218,
      "opponent": "reactive-defense",
      "opponent_randomness": "deterministic-strategy",
      "parent_action": 1944,
      "parent_margin": 0.00764128314115764,
      "parent_return": -1.3250105795413079,
      "parent_reward_margin": 0.0,
      "parent_reward_return": 0.03467634501989052,
      "probe": "088_w027_reactive-defense_1198289.json",
      "probe_sha256": "916e0c157a7902c7282ebf41efe8b6ed1f858b3c560e8df3764e6fbe9a6f8b3b",
      "seed": 1198289,
      "state_sha256": "9a9a8c0a0049b510f8207a290342ae16838ea00e822372d3ab7e252dfb04ec28",
      "warmup_steps": 27
    },
    {
      "accepted": false,
      "best_action": 1368,
      "best_return": -1.3173692964001502,
      "best_reward_return": 0.03467634501989052,
      "noop_margin": 0.012311055274182525,
      "noop_return": -1.3296803516743327,
      "noop_reward_margin": 0.004430261971768337,
      "noop_reward_return": 0.03024608304812218,
      "opponent": "reactive-defense",
      "opponent_randomness": "deterministic-strategy",
      "parent_action": 1944,
      "parent_margin": 0.00764128314115764,
      "parent_return": -1.3250105795413079,
      "parent_reward_margin": 0.0,
      "parent_reward_return": 0.03467634501989052,
      "probe": "089_w027_reactive-defense_1198290.json",
      "probe_sha256": "43a997b76c6a080a7a564d661550f749a16e0f09fffc1706244f81485b65c11c",
      "seed": 1198290,
      "state_sha256": "19eb18e80c51b268a7fb93647e59173e06d58fd6080302a562be03a13c9787cb",
      "warmup_steps": 27
    },
    {
      "accepted": true,
      "best_action": 190,
      "best_return": -1.2772773648225006,
      "best_reward_return": 0.07089087555803154,
      "noop_margin": 0.031128829620370224,
      "noop_return": -1.3084061944428709,
      "noop_reward_margin": 0.022096569549762725,
      "noop_reward_return": 0.04879430600826882,
      "opponent": "spell-control",
      "opponent_randomness": "deterministic-strategy",
      "parent_action": 1944,
      "parent_margin": 0.03657298225754091,
      "parent_return": -1.3138503470800416,
      "parent_reward_margin": 0.022096569549762725,
      "parent_reward_return": 0.04879430600826882,
      "probe": "090_w027_spell-control_1198291.json",
      "probe_sha256": "d3b438b59119a20b22b3f4f5badb0201935cf83164a6cb7be72b1a332a5abc3d",
      "seed": 1198291,
      "state_sha256": "be702e48981082ebd356fb5dd8a5de8500b44a9a9a2728743441d82b5f8b6a4a",
      "warmup_steps": 27
    },
    {
      "accepted": true,
      "best_action": 190,
      "best_return": -1.2772773648225006,
      "best_reward_return": 0.07089087555803154,
      "noop_margin": 0.031128829620370224,
      "noop_return": -1.3084061944428709,
      "noop_reward_margin": 0.022096569549762725,
      "noop_reward_return": 0.04879430600826882,
      "opponent": "spell-control",
      "opponent_randomness": "deterministic-strategy",
      "parent_action": 1944,
      "parent_margin": 0.03657298225754091,
      "parent_return": -1.3138503470800416,
      "parent_reward_margin": 0.022096569549762725,
      "parent_reward_return": 0.04879430600826882,
      "probe": "091_w027_spell-control_1198292.json",
      "probe_sha256": "5c2c90407571536fce8de388d1eda25819b808c980bf9ee7c710a94aee5821a0",
      "seed": 1198292,
      "state_sha256": "688e44b01a46cf2615591465574787cc633bf2519bcb63b297b8e33a59e959fb",
      "warmup_steps": 27
    },
    {
      "accepted": false,
      "best_action": 208,
      "best_return": -1.240352450066844,
      "best_reward_return": 0.10402897189032995,
      "noop_margin": 0.017683510458123886,
      "noop_return": -1.2580359605249678,
      "noop_reward_margin": 0.012032825228237148,
      "noop_reward_return": 0.0919961466620928,
      "opponent": "slow-push",
      "opponent_randomness": "deterministic-strategy",
      "parent_action": 1926,
      "parent_margin": 0.01573772821692021,
      "parent_return": -1.2560901782837641,
      "parent_reward_margin": 0.012032825228237148,
      "parent_reward_return": 0.0919961466620928,
      "probe": "092_w027_slow-push_1198293.json",
      "probe_sha256": "6eb85af55cf12f2f8010a6a676bb2224086b32cd186447a25f5992367466b7a5",
      "seed": 1198293,
      "state_sha256": "a8fa04894c4153ab0a934724175886b7d12d4feaa8f24ac9e0a2cf7a3eaa333c",
      "warmup_steps": 27
    },
    {
      "accepted": false,
      "best_action": 208,
      "best_return": -1.240352450066844,
      "best_reward_return": 0.10402897189032995,
      "noop_margin": 0.017683510458123886,
      "noop_return": -1.2580359605249678,
      "noop_reward_margin": 0.012032825228237148,
      "noop_reward_return": 0.0919961466620928,
      "opponent": "slow-push",
      "opponent_randomness": "deterministic-strategy",
      "parent_action": 1926,
      "parent_margin": 0.01573772821692021,
      "parent_return": -1.2560901782837641,
      "parent_reward_margin": 0.012032825228237148,
      "parent_reward_return": 0.0919961466620928,
      "probe": "093_w027_slow-push_1198294.json",
      "probe_sha256": "d95e029290507eef4a3a13249d1607c931e515c798d25685ea2432df8b7f3211",
      "seed": 1198294,
      "state_sha256": "7528167aaddd94ea90fcb36fa1889693bd541bd7e76e314dd7517eead5fea38d",
      "warmup_steps": 27
    },
    {
      "accepted": true,
      "best_action": 1368,
      "best_return": -1.4156541834945249,
      "best_reward_return": -0.05405403147132277,
      "noop_margin": 0.05474294666744495,
      "noop_return": -1.4703971301619698,
      "noop_reward_margin": 0.054955926797599815,
      "noop_reward_return": -0.10900995826892258,
      "opponent": "split-lane",
      "opponent_randomness": "deterministic-strategy",
      "parent_action": 1944,
      "parent_margin": 0.0410934789588242,
      "parent_return": -1.456747662453349,
      "parent_reward_margin": 0.05201444470970042,
      "parent_reward_return": -0.10606847618102319,
      "probe": "094_w027_split-lane_1198295.json",
      "probe_sha256": "0dcd543e52adb234246c9e4d73694c037fee1204783fb6c9bfcdb19dbf6b9b30",
      "seed": 1198295,
      "state_sha256": "033a9c10eb1ea90ea07a59b42c53dd9be712d15fed6619ec8d64d4cf7ff85630",
      "warmup_steps": 27
    },
    {
      "accepted": true,
      "best_action": 1368,
      "best_return": -1.4156541834945249,
      "best_reward_return": -0.05405403147132277,
      "noop_margin": 0.05474294666744495,
      "noop_return": -1.4703971301619698,
      "noop_reward_margin": 0.054955926797599815,
      "noop_reward_return": -0.10900995826892258,
      "opponent": "split-lane",
      "opponent_randomness": "deterministic-strategy",
      "parent_action": 1944,
      "parent_margin": 0.0410934789588242,
      "parent_return": -1.456747662453349,
      "parent_reward_margin": 0.05201444470970042,
      "parent_reward_return": -0.10606847618102319,
      "probe": "095_w027_split-lane_1198296.json",
      "probe_sha256": "033fe76ea54d4c89f9f24e743d04ddfa64f50e59bc1b45598ec3fe1ca6a41437",
      "seed": 1198296,
      "state_sha256": "faac2828336ce56bb9f041a5bd57014540a987163f8dfd85261b8e98c6fb1d05",
      "warmup_steps": 27
    },
    {
      "accepted": false,
      "best_action": 1368,
      "best_return": -1.3254075976379012,
      "best_reward_return": 0.034676326113799935,
      "noop_margin": 0.040430911824055116,
      "noop_return": -1.3658385094619563,
      "noop_reward_margin": 0.034676326113799935,
      "noop_reward_return": 0.0,
      "opponent": "random",
      "opponent_randomness": "common-quantile-v1",
      "parent_action": 1368,
      "parent_margin": 0.0,
      "parent_return": -1.3254075976379012,
      "parent_reward_margin": 0.0,
      "parent_reward_return": 0.034676326113799935,
      "probe": "096_w027_random_1198297.json",
      "probe_sha256": "4aa3b6c99be3874bcc883863c4c119cf39e1efb6e2f1d6a250dd9e87b9776ad7",
      "seed": 1198297,
      "state_sha256": "c2774be911e626da2ba3f5c4ae02c231d23ccc3c9e66e4b615bea285fc9c27ab",
      "warmup_steps": 27
    },
    {
      "accepted": false,
      "best_action": 1368,
      "best_return": -1.2263772460880533,
      "best_reward_return": 0.11103660754166417,
      "noop_margin": 0.02065585466657649,
      "noop_return": -1.2470331007546298,
      "noop_reward_margin": 0.012032748980003866,
      "noop_reward_return": 0.0990038585616603,
      "opponent": "random",
      "opponent_randomness": "common-quantile-v1",
      "parent_action": 1944,
      "parent_margin": 0.019057288171060005,
      "parent_return": -1.2454345342591133,
      "parent_reward_margin": 0.012032748980003866,
      "parent_reward_return": 0.0990038585616603,
      "probe": "097_w027_random_1198298.json",
      "probe_sha256": "11036ef1058fbfd9257e500f84410d99eca16419ca44d437bf9f58c21970b8ca",
      "seed": 1198298,
      "state_sha256": "8daf3ba0e18ef399a68fbdfd6340e6980503ea93ef1b46332d2e06f31113d7b6",
      "warmup_steps": 27
    },
    {
      "accepted": true,
      "best_action": 1368,
      "best_return": -1.545610741241123,
      "best_reward_return": -0.19157788422453345,
      "noop_margin": 0.04200778384804771,
      "noop_return": -1.5876185250891708,
      "noop_reward_margin": 0.03467629959596433,
      "noop_reward_return": -0.22625418382049778,
      "opponent": "balanced",
      "opponent_randomness": "deterministic-strategy",
      "parent_action": 2304,
      "parent_margin": 0.04200778384804771,
      "parent_return": -1.5876185250891708,
      "parent_reward_margin": 0.03467629959596433,
      "parent_reward_return": -0.22625418382049778,
      "probe": "098_w028_balanced_1198299.json",
      "probe_sha256": "401cff1974764c846e69b6c60dc21783153c3ad23a3098f4cf394944db07c5a7",
      "seed": 1198299,
      "state_sha256": "45a9a38badcc8087e3efd2bebe491aa06901db7934c13ea6d1f6e512c29ae919",
      "warmup_steps": 28
    },
    {
      "accepted": true,
      "best_action": 1368,
      "best_return": -1.545610741241123,
      "best_reward_return": -0.19157788422453345,
      "noop_margin": 0.04200778384804771,
      "noop_return": -1.5876185250891708,
      "noop_reward_margin": 0.03467629959596433,
      "noop_reward_return": -0.22625418382049778,
      "opponent": "balanced",
      "opponent_randomness": "deterministic-strategy",
      "parent_action": 2304,
      "parent_margin": 0.04200778384804771,
      "parent_return": -1.5876185250891708,
      "parent_reward_margin": 0.03467629959596433,
      "parent_reward_return": -0.22625418382049778,
      "probe": "099_w028_balanced_1198300.json",
      "probe_sha256": "b88fe3da583e1b6b1c005035757498abda12eddbeafee9505504610deed72c13",
      "seed": 1198300,
      "state_sha256": "21a56139ca567a1d1175d7a6020cb55ef365df4c8db168d59ea468e72766f5a2",
      "warmup_steps": 28
    },
    {
      "accepted": true,
      "best_action": 1368,
      "best_return": -1.3685506999275485,
      "best_reward_return": -0.01593640684486041,
      "noop_margin": 0.052535230427139146,
      "noop_return": -1.4210859303546877,
      "noop_reward_margin": 0.045998061648065865,
      "noop_reward_return": -0.061934468492926276,
      "opponent": "bridge-pressure",
      "opponent_randomness": "deterministic-strategy",
      "parent_action": 2304,
      "parent_margin": 0.052535230427139146,
      "parent_return": -1.4210859303546877,
      "parent_reward_margin": 0.045998061648065865,
      "parent_reward_return": -0.061934468492926276,
      "probe": "100_w028_bridge-pressure_1198301.json",
      "probe_sha256": "db87c6be59ab49cb47663b812dceb8b6d02d062b0d7e2739494b339e6ad7d566",
      "seed": 1198301,
      "state_sha256": "587240c4c2a20e5c724be8fdc7406e272c5edb0ca0ccfb8ce82df7ee68c9961b",
      "warmup_steps": 28
    },
    {
      "accepted": true,
      "best_action": 1368,
      "best_return": -1.3685506999275485,
      "best_reward_return": -0.01593640684486041,
      "noop_margin": 0.052535230427139146,
      "noop_return": -1.4210859303546877,
      "noop_reward_margin": 0.045998061648065865,
      "noop_reward_return": -0.061934468492926276,
      "opponent": "bridge-pressure",
      "opponent_randomness": "deterministic-strategy",
      "parent_action": 2304,
      "parent_margin": 0.052535230427139146,
      "parent_return": -1.4210859303546877,
      "parent_reward_margin": 0.045998061648065865,
      "parent_reward_return": -0.061934468492926276,
      "probe": "101_w028_bridge-pressure_1198302.json",
      "probe_sha256": "f63941c7705adb569e8e4bcbb9a3b57b6ab9efd901302418412ee53f3f0d92f3",
      "seed": 1198302,
      "state_sha256": "41a6a1318b7c83a86287c416961698de54c462367c187721135c227acc8ba20b",
      "warmup_steps": 28
    },
    {
      "accepted": false,
      "best_action": 1278,
      "best_return": -1.3091776454643216,
      "best_reward_return": 0.034676346790880094,
      "noop_margin": 0.013497232595740094,
      "noop_return": -1.3226748780600617,
      "noop_reward_margin": 0.0,
      "noop_reward_return": 0.034676346790880094,
      "opponent": "reactive-defense",
      "opponent_randomness": "deterministic-strategy",
      "parent_action": 2304,
      "parent_margin": 0.013497232595740094,
      "parent_return": -1.3226748780600617,
      "parent_reward_margin": 0.0,
      "parent_reward_return": 0.034676346790880094,
      "probe": "102_w028_reactive-defense_1198303.json",
      "probe_sha256": "29f6385f11d3cf15072bff5bede3978f426579cc69190c07cb29a2d0371463b2",
      "seed": 1198303,
      "state_sha256": "c40c81ee247906def17be4da084252033bb9a0817a96bb7a4bbd2d519c41a2cc",
      "warmup_steps": 28
    },
    {
      "accepted": false,
      "best_action": 1278,
      "best_return": -1.3091776454643216,
      "best_reward_return": 0.034676346790880094,
      "noop_margin": 0.013497232595740094,
      "noop_return": -1.3226748780600617,
      "noop_reward_margin": 0.0,
      "noop_reward_return": 0.034676346790880094,
      "opponent": "reactive-defense",
      "opponent_randomness": "deterministic-strategy",
      "parent_action": 2304,
      "parent_margin": 0.013497232595740094,
      "parent_return": -1.3226748780600617,
      "parent_reward_margin": 0.0,
      "parent_reward_return": 0.034676346790880094,
      "probe": "103_w028_reactive-defense_1198304.json",
      "probe_sha256": "7338f667a819004ef9e84dc59ca30f10d52dbc5f86c25e8a0d6547abdcd2332f",
      "seed": 1198304,
      "state_sha256": "f31ffa44cb4d2540563ef691c0b424f247252aca64f18480db4311c196340665",
      "warmup_steps": 28
    },
    {
      "accepted": true,
      "best_action": 225,
      "best_return": -1.3046866520108789,
      "best_reward_return": 0.05133627443030654,
      "noop_margin": 0.028848620413264303,
      "noop_return": -1.3335352724241432,
      "noop_reward_margin": 0.022096568952004788,
      "noop_reward_return": 0.029239705478301754,
      "opponent": "spell-control",
      "opponent_randomness": "deterministic-strategy",
      "parent_action": 2304,
      "parent_margin": 0.028848620413264303,
      "parent_return": -1.3335352724241432,
      "parent_reward_margin": 0.022096568952004788,
      "parent_reward_return": 0.029239705478301754,
      "probe": "104_w028_spell-control_1198305.json",
      "probe_sha256": "7dc3c2ef3bf3809be13eb8000fedcbd981193140fa786387a10742ca86fd0c3b",
      "seed": 1198305,
      "state_sha256": "2df6e39b46bc019df1a75373058e653a2c888a7a22c017fbe9b0dc4295ab9667",
      "warmup_steps": 28
    },
    {
      "accepted": true,
      "best_action": 225,
      "best_return": -1.3046866520108789,
      "best_reward_return": 0.05133627443030654,
      "noop_margin": 0.028848620413264303,
      "noop_return": -1.3335352724241432,
      "noop_reward_margin": 0.022096568952004788,
      "noop_reward_return": 0.029239705478301754,
      "opponent": "spell-control",
      "opponent_randomness": "deterministic-strategy",
      "parent_action": 2304,
      "parent_margin": 0.028848620413264303,
      "parent_return": -1.3335352724241432,
      "parent_reward_margin": 0.022096568952004788,
      "parent_reward_return": 0.029239705478301754,
      "probe": "105_w028_spell-control_1198306.json",
      "probe_sha256": "2c9f884ebec40f8c50d104a503fedc996bcf0f8f583ff4ac498430dc8a141ed1",
      "seed": 1198306,
      "state_sha256": "0224580d5439ff454afcd03f17bcadeefa9dbcab42ec7315ce02c983012ab4b5",
      "warmup_steps": 28
    },
    {
      "accepted": false,
      "best_action": 1350,
      "best_return": -1.253589122128604,
      "best_reward_return": 0.09262382325056868,
      "noop_margin": 0.012000869475480958,
      "noop_return": -1.265589991604085,
      "noop_reward_margin": 0.012032790070670402,
      "noop_reward_return": 0.08059103317989828,
      "opponent": "slow-push",
      "opponent_randomness": "deterministic-strategy",
      "parent_action": 2304,
      "parent_margin": 0.012000869475480958,
      "parent_return": -1.265589991604085,
      "parent_reward_margin": 0.012032790070670402,
      "parent_reward_return": 0.08059103317989828,
      "probe": "106_w028_slow-push_1198307.json",
      "probe_sha256": "25e3f562210e7d7b080fdedc491c180daeb4e08e2e78abec5b657506c9a228af",
      "seed": 1198307,
      "state_sha256": "e2b6ff60adfd104a14c2119397187e7f58638ee9fbbd3b088d43fc521621046b",
      "warmup_steps": 28
    },
    {
      "accepted": false,
      "best_action": 1350,
      "best_return": -1.253589122128604,
      "best_reward_return": 0.09262382325056868,
      "noop_margin": 0.012000869475480958,
      "noop_return": -1.265589991604085,
      "noop_reward_margin": 0.012032790070670402,
      "noop_reward_return": 0.08059103317989828,
      "opponent": "slow-push",
      "opponent_randomness": "deterministic-strategy",
      "parent_action": 2304,
      "parent_margin": 0.012000869475480958,
      "parent_return": -1.265589991604085,
      "parent_reward_margin": 0.012032790070670402,
      "parent_reward_return": 0.08059103317989828,
      "probe": "107_w028_slow-push_1198308.json",
      "probe_sha256": "6eb9e17269c4e400bfb0bc65f19fbb06249d42b9d071ddb5984aeb0b1d3bf954",
      "seed": 1198308,
      "state_sha256": "4638704388932554d028a8c2be6f049b60a630d4b2c567669647ea2fa87c2c0f",
      "warmup_steps": 28
    },
    {
      "accepted": true,
      "best_action": 1368,
      "best_return": -1.4149868790511604,
      "best_reward_return": -0.0662432223785368,
      "noop_margin": 0.03696315991462473,
      "noop_return": -1.4519500389657851,
      "noop_reward_margin": 0.03467629237316776,
      "noop_reward_return": -0.10091951475170456,
      "opponent": "split-lane",
      "opponent_randomness": "deterministic-strategy",
      "parent_action": 2304,
      "parent_margin": 0.03696315991462473,
      "parent_return": -1.4519500389657851,
      "parent_reward_margin": 0.03467629237316776,
      "parent_reward_return": -0.10091951475170456,
      "probe": "108_w028_split-lane_1198309.json",
      "probe_sha256": "22f4d3f7ffbc12381c0678b89691e4c6471b61b5f31a2967f2e93247853d9f66",
      "seed": 1198309,
      "state_sha256": "4d55e957e29fd875e303780768da40cd5401d4fa8b7895358835bf80107a99f7",
      "warmup_steps": 28
    },
    {
      "accepted": true,
      "best_action": 1904,
      "best_return": -1.4031455727790525,
      "best_reward_return": -0.05891413534033527,
      "noop_margin": 0.04880446618673262,
      "noop_return": -1.4519500389657851,
      "noop_reward_margin": 0.04200537941136929,
      "noop_reward_return": -0.10091951475170456,
      "opponent": "split-lane",
      "opponent_randomness": "deterministic-strategy",
      "parent_action": 2304,
      "parent_margin": 0.04880446618673262,
      "parent_return": -1.4519500389657851,
      "parent_reward_margin": 0.04200537941136929,
      "parent_reward_return": -0.10091951475170456,
      "probe": "109_w028_split-lane_1198310.json",
      "probe_sha256": "782c1b74f704ae78915cf82851eb1bb3bfccaf014c6eaf6ae878541960315b48",
      "seed": 1198310,
      "state_sha256": "85aa79ebe68403012100707665d4f95e51169f951c88780c90d71d0166596d19",
      "warmup_steps": 28
    },
    {
      "accepted": true,
      "best_action": 1368,
      "best_return": -1.3018790717318862,
      "best_reward_return": 0.04171691332842309,
      "noop_margin": 0.04797925122690061,
      "noop_return": -1.3498583229587868,
      "noop_reward_margin": 0.05201445838766088,
      "noop_reward_return": -0.010297545059237792,
      "opponent": "random",
      "opponent_randomness": "common-quantile-v1",
      "parent_action": 2304,
      "parent_margin": 0.04797925122690061,
      "parent_return": -1.3498583229587868,
      "parent_reward_margin": 0.05201445838766088,
      "parent_reward_return": -0.010297545059237792,
      "probe": "110_w028_random_1198311.json",
      "probe_sha256": "4e9c07baee5afd2f65eee9f7a8fa7fedf8188a81639a2c21b69854412f7698ed",
      "seed": 1198311,
      "state_sha256": "84f348c345cefb8c761b318073d98eb06033b9310ed8359d54723337600c0cc8",
      "warmup_steps": 28
    },
    {
      "accepted": false,
      "best_action": 1381,
      "best_return": -1.3415482059618389,
      "best_reward_return": 0.012032794947349663,
      "noop_margin": 0.014077826986178987,
      "noop_return": -1.3556260329480179,
      "noop_reward_margin": 0.012032794947349663,
      "noop_reward_return": 0.0,
      "opponent": "random",
      "opponent_randomness": "common-quantile-v1",
      "parent_action": 2304,
      "parent_margin": 0.014077826986178987,
      "parent_return": -1.3556260329480179,
      "parent_reward_margin": 0.012032794947349663,
      "parent_reward_return": 0.0,
      "probe": "111_w028_random_1198312.json",
      "probe_sha256": "2a70b4fe1a2f4eb16bc3f346076d6dec4e8fa41e480deaddf9d750b24ac931a3",
      "seed": 1198312,
      "state_sha256": "1a7b9164e50393d72286d65497664187cd2ed1d6064d37654394dc4ecbbd0ed6",
      "warmup_steps": 28
    },
    {
      "accepted": false,
      "best_action": 805,
      "best_return": -1.2959421635243784,
      "best_reward_return": 0.04312278817638295,
      "noop_margin": 0.010599008134366317,
      "noop_return": -1.3065411716587447,
      "noop_reward_margin": 0.005435904711132616,
      "noop_reward_return": 0.037686883465250336,
      "opponent": "balanced",
      "opponent_randomness": "deterministic-strategy",
      "parent_action": 2304,
      "parent_margin": 0.010599008134366317,
      "parent_return": -1.3065411716587447,
      "parent_reward_margin": 0.005435904711132616,
      "parent_reward_return": 0.037686883465250336,
      "probe": "112_w040_balanced_1198313.json",
      "probe_sha256": "b5bbbe288d117f88ff8b2b9c44a69b5c43bc75fe00b683f5a7c5527e7ac46a38",
      "seed": 1198313,
      "state_sha256": "128681f5c0d9792103aa284c0e10160bfc6cd66963a5002c2319eb153189c6f1",
      "warmup_steps": 40
    },
    {
      "accepted": false,
      "best_action": 805,
      "best_return": -1.2959421635243784,
      "best_reward_return": 0.04312278817638295,
      "noop_margin": 0.010599008134366317,
      "noop_return": -1.3065411716587447,
      "noop_reward_margin": 0.005435904711132616,
      "noop_reward_return": 0.037686883465250336,
      "opponent": "balanced",
      "opponent_randomness": "deterministic-strategy",
      "parent_action": 2304,
      "parent_margin": 0.010599008134366317,
      "parent_return": -1.3065411716587447,
      "parent_reward_margin": 0.005435904711132616,
      "parent_reward_return": 0.037686883465250336,
      "probe": "113_w040_balanced_1198314.json",
      "probe_sha256": "57f3de930cc71f6076c1db4f298662d493e625a91c7aa020270cdbc09d84c366",
      "seed": 1198314,
      "state_sha256": "7bad8a513f9147f735a8beaf27f56c292b33d3fc820dc55311f84b79ae7db841",
      "warmup_steps": 40
    },
    {
      "accepted": true,
      "best_action": 805,
      "best_return": -1.3532190687085017,
      "best_reward_return": -0.009237288375206886,
      "noop_margin": 0.11731230581232621,
      "noop_return": -1.470531374520828,
      "noop_reward_margin": 0.10853562189790487,
      "noop_reward_return": -0.11777291027311176,
      "opponent": "bridge-pressure",
      "opponent_randomness": "deterministic-strategy",
      "parent_action": 2304,
      "parent_margin": 0.11731230581232621,
      "parent_return": -1.470531374520828,
      "parent_reward_margin": 0.10853562189790487,
      "parent_reward_return": -0.11777291027311176,
      "probe": "114_w040_bridge-pressure_1198315.json",
      "probe_sha256": "00e04d27e523fff50f4d33317a0d70ee84a2b74fa9901eba9ee7b5310ebe4e1f",
      "seed": 1198315,
      "state_sha256": "1cdd0ffd4182d5c66f7550065d3ebfd18aa04b7f1312b7370920fc671a6b2a17",
      "warmup_steps": 40
    },
    {
      "accepted": true,
      "best_action": 1973,
      "best_return": -1.2971719270538995,
      "best_reward_return": 0.03637794909786293,
      "noop_margin": 0.17335944746692844,
      "noop_return": -1.470531374520828,
      "noop_reward_margin": 0.1541508593709747,
      "noop_reward_return": -0.11777291027311176,
      "opponent": "bridge-pressure",
      "opponent_randomness": "deterministic-strategy",
      "parent_action": 2304,
      "parent_margin": 0.17335944746692844,
      "parent_return": -1.470531374520828,
      "parent_reward_margin": 0.1541508593709747,
      "parent_reward_return": -0.11777291027311176,
      "probe": "115_w040_bridge-pressure_1198316.json",
      "probe_sha256": "1c9b637c4d617a4f182dc26da8b84834315efee985a6395a852a1b4365893870",
      "seed": 1198316,
      "state_sha256": "e0d5620bb2af87f757603979a771a779b1606b5240ee94e9e19c8b5c429d50fa",
      "warmup_steps": 40
    },
    {
      "accepted": false,
      "best_action": 1350,
      "best_return": -1.3421280699540088,
      "best_reward_return": -0.004432850018349176,
      "noop_margin": 0.007807545049214326,
      "noop_return": -1.3499356150032231,
      "noop_reward_margin": 0.0,
      "noop_reward_return": -0.004432850018349176,
      "opponent": "reactive-defense",
      "opponent_randomness": "deterministic-strategy",
      "parent_action": 2304,
      "parent_margin": 0.007807545049214326,
      "parent_return": -1.3499356150032231,
      "parent_reward_margin": 0.0,
      "parent_reward_return": -0.004432850018349176,
      "probe": "116_w040_reactive-defense_1198317.json",
      "probe_sha256": "056ea06a067bde831aa7461276334f8cdf4b4bec4f7740a51ad490ba28ee9208",
      "seed": 1198317,
      "state_sha256": "3f79e47834f57b82c4948c78501b24ee4b5c6af139b664a3f21c27d703424a2d",
      "warmup_steps": 40
    },
    {
      "accepted": false,
      "best_action": 1350,
      "best_return": -1.3421280699540088,
      "best_reward_return": -0.004432850018349176,
      "noop_margin": 0.007807545049214326,
      "noop_return": -1.3499356150032231,
      "noop_reward_margin": 0.0,
      "noop_reward_return": -0.004432850018349176,
      "opponent": "reactive-defense",
      "opponent_randomness": "deterministic-strategy",
      "parent_action": 2304,
      "parent_margin": 0.007807545049214326,
      "parent_return": -1.3499356150032231,
      "parent_reward_margin": 0.0,
      "parent_reward_return": -0.004432850018349176,
      "probe": "117_w040_reactive-defense_1198318.json",
      "probe_sha256": "a9a77f7913051ce8d6d6af136776d3031cde9309edd7ca4f22555fd4afbc29b2",
      "seed": 1198318,
      "state_sha256": "65909f93226aaf07cc422e82e471b95ea4037966d477d1a6732f41aff259d28f",
      "warmup_steps": 40
    },
    {
      "accepted": false,
      "best_action": 1985,
      "best_return": -1.4069846070406933,
      "best_reward_return": -0.0736172701865877,
      "noop_margin": 0.012193138875713494,
      "noop_return": -1.4191777459164068,
      "noop_reward_margin": 0.0,
      "noop_reward_return": -0.0736172701865877,
      "opponent": "spell-control",
      "opponent_randomness": "deterministic-strategy",
      "parent_action": 2304,
      "parent_margin": 0.012193138875713494,
      "parent_return": -1.4191777459164068,
      "parent_reward_margin": 0.0,
      "parent_reward_return": -0.0736172701865877,
      "probe": "118_w040_spell-control_1198319.json",
      "probe_sha256": "725252a32ddf56df0576b59f8faa140626268b629cb0b9d2ecc1b096eae0d041",
      "seed": 1198319,
      "state_sha256": "0a1b9713d56e4792e8fc17871f1b676dc5990db5e9a049b9d0d617221244f64b",
      "warmup_steps": 40
    },
    {
      "accepted": false,
      "best_action": 1985,
      "best_return": -1.4069846070406933,
      "best_reward_return": -0.0736172701865877,
      "noop_margin": 0.012193138875713494,
      "noop_return": -1.4191777459164068,
      "noop_reward_margin": 0.0,
      "noop_reward_return": -0.0736172701865877,
      "opponent": "spell-control",
      "opponent_randomness": "deterministic-strategy",
      "parent_action": 2304,
      "parent_margin": 0.012193138875713494,
      "parent_return": -1.4191777459164068,
      "parent_reward_margin": 0.0,
      "parent_reward_return": -0.0736172701865877,
      "probe": "119_w040_spell-control_1198320.json",
      "probe_sha256": "38f7cc8116a45ce3980f5845f5fd7b88235d5a4052d3c022a9b2ccfa6dfd0671",
      "seed": 1198320,
      "state_sha256": "70280d0dc1acd4616c7273d08cc3b573f37cb9fca9497381e75eced11a1cad43",
      "warmup_steps": 40
    },
    {
      "accepted": true,
      "best_action": 1368,
      "best_return": -1.1584389393242742,
      "best_reward_return": 0.17832730673350264,
      "noop_margin": 0.1252695952801166,
      "noop_return": -1.2837085346043908,
      "noop_reward_margin": 0.11641163011503025,
      "noop_reward_return": 0.061915676618472394,
      "opponent": "slow-push",
      "opponent_randomness": "deterministic-strategy",
      "parent_action": 2304,
      "parent_margin": 0.1252695952801166,
      "parent_return": -1.2837085346043908,
      "parent_reward_margin": 0.11641163011503025,
      "parent_reward_return": 0.061915676618472394,
      "probe": "120_w040_slow-push_1198321.json",
      "probe_sha256": "b1487f432586e3afb6f7d6ffdb77e793fc297a215f1df2de6ede04c47978bd50",
      "seed": 1198321,
      "state_sha256": "0fc0fe5a9980f88d05790e588fd3096b4705abdf94a8fe0130625ecc87052fbf",
      "warmup_steps": 40
    },
    {
      "accepted": true,
      "best_action": 1368,
      "best_return": -1.1584389393242742,
      "best_reward_return": 0.17832730673350264,
      "noop_margin": 0.1252695952801166,
      "noop_return": -1.2837085346043908,
      "noop_reward_margin": 0.11641163011503025,
      "noop_reward_return": 0.061915676618472394,
      "opponent": "slow-push",
      "opponent_randomness": "deterministic-strategy",
      "parent_action": 2304,
      "parent_margin": 0.1252695952801166,
      "parent_return": -1.2837085346043908,
      "parent_reward_margin": 0.11641163011503025,
      "parent_reward_return": 0.061915676618472394,
      "probe": "121_w040_slow-push_1198322.json",
      "probe_sha256": "58fde8a45f01110c4dc563757004cae2ccb802f3d004f72d7f765c7a1b1959ff",
      "seed": 1198322,
      "state_sha256": "42ac1982c03bccf3f100b395c9e760fae5e2d50f0c7d834e2f4abf1512eab054",
      "warmup_steps": 40
    },
    {
      "accepted": false,
      "best_action": 1985,
      "best_return": -1.3551053358363045,
      "best_reward_return": -0.03165674260199293,
      "noop_margin": 0.02708714558060099,
      "noop_return": -1.3821924814169055,
      "noop_reward_margin": 0.019854171244797464,
      "noop_reward_return": -0.05151091384679039,
      "opponent": "split-lane",
      "opponent_randomness": "deterministic-strategy",
      "parent_action": 2304,
      "parent_margin": 0.02708714558060099,
      "parent_return": -1.3821924814169055,
      "parent_reward_margin": 0.019854171244797464,
      "parent_reward_return": -0.05151091384679039,
      "probe": "122_w040_split-lane_1198323.json",
      "probe_sha256": "acf89e581e3513f5ca11d04df2f09e2b71e374cb59c6f5562e94467b5691735e",
      "seed": 1198323,
      "state_sha256": "dc0ead655cc7e63f4f076dc2ca1c4917010a168e10a87b74c313d8e62fc91de6",
      "warmup_steps": 40
    },
    {
      "accepted": false,
      "best_action": 1985,
      "best_return": -1.3551053358363045,
      "best_reward_return": -0.03165674260199293,
      "noop_margin": 0.02708714558060099,
      "noop_return": -1.3821924814169055,
      "noop_reward_margin": 0.019854171244797464,
      "noop_reward_return": -0.05151091384679039,
      "opponent": "split-lane",
      "opponent_randomness": "deterministic-strategy",
      "parent_action": 2304,
      "parent_margin": 0.02708714558060099,
      "parent_return": -1.3821924814169055,
      "parent_reward_margin": 0.019854171244797464,
      "parent_reward_return": -0.05151091384679039,
      "probe": "123_w040_split-lane_1198324.json",
      "probe_sha256": "0a8de97884e4b9807ff9393c811260be70bf7ee2d6b3ceeafc84daff90c21f12",
      "seed": 1198324,
      "state_sha256": "fa1367c1d12ef9589d941f5172a075b0965a5f7a94b5c4cef40dd19bf30c50d8",
      "warmup_steps": 40
    },
    {
      "accepted": false,
      "best_action": 1368,
      "best_return": -1.3286723497889563,
      "best_reward_return": 0.0015382304561110602,
      "noop_margin": 0.0039257047216330054,
      "noop_return": -1.3325980545105893,
      "noop_reward_margin": 0.0,
      "noop_reward_return": 0.0015382304561110602,
      "opponent": "random",
      "opponent_randomness": "common-quantile-v1",
      "parent_action": 2304,
      "parent_margin": 0.0039257047216330054,
      "parent_return": -1.3325980545105893,
      "parent_reward_margin": 0.0,
      "parent_reward_return": 0.0015382304561110602,
      "probe": "124_w040_random_1198325.json",
      "probe_sha256": "6dec2b9b2027af53b11c028fe1487644fa4340a624f5ac89ffdb59bb30660335",
      "seed": 1198325,
      "state_sha256": "5aa157d2e552368939543a79cc8e8f3444a6f9d87c4367a3c2abf12cec6c1b83",
      "warmup_steps": 40
    },
    {
      "accepted": false,
      "best_action": 1944,
      "best_return": -1.234353279313718,
      "best_reward_return": 0.10361411125973286,
      "noop_margin": 0.012479054203795581,
      "noop_return": -1.2468323335175135,
      "noop_reward_margin": 0.012032800055152976,
      "noop_reward_return": 0.09158131120457988,
      "opponent": "random",
      "opponent_randomness": "common-quantile-v1",
      "parent_action": 2304,
      "parent_margin": 0.012479054203795581,
      "parent_return": -1.2468323335175135,
      "parent_reward_margin": 0.012032800055152976,
      "parent_reward_return": 0.09158131120457988,
      "probe": "125_w040_random_1198326.json",
      "probe_sha256": "6605fc9b77f247b857863c27856c2bd5b83edf878ad28dcfc359d378a9b726e5",
      "seed": 1198326,
      "state_sha256": "1e52d7215c69c6b9de55f6d8b663b6221c928951784e5c1ca072b60ff8def6b7",
      "warmup_steps": 40
    },
    {
      "accepted": true,
      "best_action": 1368,
      "best_return": -1.288590738282862,
      "best_reward_return": 0.06049453217669039,
      "noop_margin": 0.030011991699592233,
      "noop_return": -1.3186027299824543,
      "noop_reward_margin": 0.034676415095991765,
      "noop_reward_return": 0.025818117080698623,
      "opponent": "balanced",
      "opponent_randomness": "deterministic-strategy",
      "parent_action": 1985,
      "parent_margin": 0.018105488088993038,
      "parent_return": -1.3066962263718551,
      "parent_reward_margin": 0.02280764543401048,
      "parent_reward_return": 0.037686886742679906,
      "probe": "126_w041_balanced_1198327.json",
      "probe_sha256": "696fa5f0bd2d881ec66632667ac409e5c48028595043141dae4f6c9a3f571c11",
      "seed": 1198327,
      "state_sha256": "df3fd27e37d538d834042789eb2dde3dc55145a6b2fb1206833cfa2f0027b6fd",
      "warmup_steps": 41
    },
    {
      "accepted": true,
      "best_action": 1368,
      "best_return": -1.288590738282862,
      "best_reward_return": 0.06049453217669039,
      "noop_margin": 0.030011991699592233,
      "noop_return": -1.3186027299824543,
      "noop_reward_margin": 0.034676415095991765,
      "noop_reward_return": 0.025818117080698623,
      "opponent": "balanced",
      "opponent_randomness": "deterministic-strategy",
      "parent_action": 1985,
      "parent_margin": 0.018105488088993038,
      "parent_return": -1.3066962263718551,
      "parent_reward_margin": 0.02280764543401048,
      "parent_reward_return": 0.037686886742679906,
      "probe": "127_w041_balanced_1198328.json",
      "probe_sha256": "d1f2ee4a23149b48906751a740a925884a886467cd242ce59dd97ebc8608fea7",
      "seed": 1198328,
      "state_sha256": "85f7e19f4776766e58ba93bd227e7772a599944943bbb8622e3a98a56fb6aa4f",
      "warmup_steps": 41
    },
    {
      "accepted": true,
      "best_action": 805,
      "best_return": -1.3570430634389314,
      "best_reward_return": -0.013831605283587262,
      "noop_margin": 0.15889961983903667,
      "noop_return": -1.515942683277968,
      "noop_reward_margin": 0.14321191567141867,
      "noop_reward_return": -0.15704352095500593,
      "opponent": "bridge-pressure",
      "opponent_randomness": "deterministic-strategy",
      "parent_action": 1350,
      "parent_margin": 0.11361737657154447,
      "parent_return": -1.470660440010476,
      "parent_reward_margin": 0.10394131403305856,
      "parent_reward_return": -0.11777291931664582,
      "probe": "128_w041_bridge-pressure_1198329.json",
      "probe_sha256": "000c18308e22926ceedb17a70b06be97b855d860a76155070ab7bcb95a304c69",
      "seed": 1198329,
      "state_sha256": "a7964eaeaa053ba09fdd16a21f4a4af330d70c19b3f9131029d2a01620e05919",
      "warmup_steps": 41
    },
    {
      "accepted": true,
      "best_action": 805,
      "best_return": -1.3570430634389314,
      "best_reward_return": -0.013831605283587262,
      "noop_margin": 0.15889961983903667,
      "noop_return": -1.515942683277968,
      "noop_reward_margin": 0.14321191567141867,
      "noop_reward_return": -0.15704352095500593,
      "opponent": "bridge-pressure",
      "opponent_randomness": "deterministic-strategy",
      "parent_action": 1350,
      "parent_margin": 0.11361737657154447,
      "parent_return": -1.470660440010476,
      "parent_reward_margin": 0.10394131403305856,
      "parent_reward_return": -0.11777291931664582,
      "probe": "129_w041_bridge-pressure_1198330.json",
      "probe_sha256": "3bf27d7956294fab848c10e5d2f825afa225afb8d438eee3f65d17ce065c0e18",
      "seed": 1198330,
      "state_sha256": "5454bda184fdb2ae8696facb953586ce4d7dc0f023227831857073e0559a4207",
      "warmup_steps": 41
    },
    {
      "accepted": false,
      "best_action": 225,
      "best_return": -1.3414059457608476,
      "best_reward_return": -0.004432850018349176,
      "noop_margin": 0.012306869208242865,
      "noop_return": -1.3537128149690905,
      "noop_reward_margin": 0.0,
      "noop_reward_return": -0.004432850018349176,
      "opponent": "reactive-defense",
      "opponent_randomness": "deterministic-strategy",
      "parent_action": 1350,
      "parent_margin": 0.008666230199279035,
      "parent_return": -1.3500721759601266,
      "parent_reward_margin": 0.0,
      "parent_reward_return": -0.004432850018349176,
      "probe": "130_w041_reactive-defense_1198331.json",
      "probe_sha256": "a4137b4079cf3bbccf3254441c94e843100200b32f9fc2796d399eb86a111a94",
      "seed": 1198331,
      "state_sha256": "5e7e97ccb8b495d0b0f90b6a065422475935f8e6d07d2aa714f65ed8e441a749",
      "warmup_steps": 41
    },
    {
      "accepted": false,
      "best_action": 1377,
      "best_return": -1.344275807639513,
      "best_reward_return": 0.003556315215513782,
      "noop_margin": 0.00943700732957753,
      "noop_return": -1.3537128149690905,
      "noop_reward_margin": 0.007989165233862958,
      "noop_reward_return": -0.004432850018349176,
      "opponent": "reactive-defense",
      "opponent_randomness": "deterministic-strategy",
      "parent_action": 1350,
      "parent_margin": 0.0057963683206136984,
      "parent_return": -1.3500721759601266,
      "parent_reward_margin": 0.007989165233862958,
      "parent_reward_return": -0.004432850018349176,
      "probe": "131_w041_reactive-defense_1198332.json",
      "probe_sha256": "38ca021caab5c746fc57b26b9c6fe0b0fe1793c0f4373d61888d9ba474823a0d",
      "seed": 1198332,
      "state_sha256": "492e03c904f9fce4b674fb44a5da16770b584354ff934870d4d02cb623015883",
      "warmup_steps": 41
    },
    {
      "accepted": true,
      "best_action": 787,
      "best_return": -1.3550960259771918,
      "best_reward_return": -0.0073275329178739464,
      "noop_margin": 0.06403923045079152,
      "noop_return": -1.4191352564279833,
      "noop_reward_margin": 0.0662897381089861,
      "noop_reward_return": -0.07361727102686004,
      "opponent": "spell-control",
      "opponent_randomness": "deterministic-strategy",
      "parent_action": 1350,
      "parent_margin": 0.059073463952123095,
      "parent_return": -1.414169489929315,
      "parent_reward_margin": 0.0662897381089861,
      "parent_reward_return": -0.07361727102686004,
      "probe": "132_w041_spell-control_1198333.json",
      "probe_sha256": "91feff19c9f7a8f50303209443da7375fde5bac281c702edb7c5a9adfd6dad45",
      "seed": 1198333,
      "state_sha256": "59e56de6d6dfa7508f5ebec2047f6b6e100a21cc3da1eccacaa5bcf56d6791ae",
      "warmup_steps": 41
    },
    {
      "accepted": true,
      "best_action": 787,
      "best_return": -1.3550960259771918,
      "best_reward_return": -0.0073275329178739464,
      "noop_margin": 0.06403923045079152,
      "noop_return": -1.4191352564279833,
      "noop_reward_margin": 0.0662897381089861,
      "noop_reward_return": -0.07361727102686004,
      "opponent": "spell-control",
      "opponent_randomness": "deterministic-strategy",
      "parent_action": 1350,
      "parent_margin": 0.059073463952123095,
      "parent_return": -1.414169489929315,
      "parent_reward_margin": 0.0662897381089861,
      "parent_reward_return": -0.07361727102686004,
      "probe": "133_w041_spell-control_1198334.json",
      "probe_sha256": "aad648b409864becd9f2eb67ebc766bc4a8c34e880713ae162b920eab8eabed4",
      "seed": 1198334,
      "state_sha256": "79838322b8335156c55166debfcbea3e5070731bc2b2f181db5f102f810b3404",
      "warmup_steps": 41
    },
    {
      "accepted": false,
      "best_action": 1967,
      "best_return": -1.2838440341390212,
      "best_reward_return": 0.06191568106739476,
      "noop_margin": 0.036015264050281326,
      "noop_return": -1.3198592981893025,
      "noop_reward_margin": 0.03560610966624655,
      "noop_reward_return": 0.02630957140114821,
      "opponent": "slow-push",
      "opponent_randomness": "deterministic-strategy",
      "parent_action": 1967,
      "parent_margin": 0.0,
      "parent_return": -1.2838440341390212,
      "parent_reward_margin": 0.0,
      "parent_reward_return": 0.06191568106739476,
      "probe": "134_w041_slow-push_1198335.json",
      "probe_sha256": "441790a0932d5d132d816d4eddeff8710c93e26632d5269d605969e06a8f7df1",
      "seed": 1198335,
      "state_sha256": "c25c736996cf4c97bdb59f60c67338ba204a1204a6a3daa6c19d91a639ccd49c",
      "warmup_steps": 41
    },
    {
      "accepted": false,
      "best_action": 1967,
      "best_return": -1.2838440341390212,
      "best_reward_return": 0.06191568106739476,
      "noop_margin": 0.036015264050281326,
      "noop_return": -1.3198592981893025,
      "noop_reward_margin": 0.03560610966624655,
      "noop_reward_return": 0.02630957140114821,
      "opponent": "slow-push",
      "opponent_randomness": "deterministic-strategy",
      "parent_action": 1967,
      "parent_margin": 0.0,
      "parent_return": -1.2838440341390212,
      "parent_reward_margin": 0.0,
      "parent_reward_return": 0.06191568106739476,
      "probe": "135_w041_slow-push_1198336.json",
      "probe_sha256": "963160b29811f33eed99aa2842e4b656fc8ce728d5fd001ecc2978f3bce83206",
      "seed": 1198336,
      "state_sha256": "ddbfc16cad887f3c654bb64fdb351b06243b25319aa309dc4ea8e6c5a7ffac90",
      "warmup_steps": 41
    },
    {
      "accepted": true,
      "best_action": 1368,
      "best_return": -1.3399655097679317,
      "best_reward_return": -0.0038541643982146438,
      "noop_margin": 0.05879448643071483,
      "noop_return": -1.3987599961986465,
      "noop_reward_margin": 0.06083888428553386,
      "noop_reward_return": -0.0646930486837485,
      "opponent": "split-lane",
      "opponent_randomness": "deterministic-strategy",
      "parent_action": 1985,
      "parent_margin": 0.04238477785385508,
      "parent_return": -1.3823502876217868,
      "parent_reward_margin": 0.04765674953220581,
      "parent_reward_return": -0.051510913930420454,
      "probe": "136_w041_split-lane_1198337.json",
      "probe_sha256": "8452fb8e1fba8e31f972d33334c96ecff9482dd7af6afb0496720e14cd8c8e21",
      "seed": 1198337,
      "state_sha256": "e30da73854cf4199ac58ecb45c3ca343528dc83b80d4d1eadcb3a1dbc68e1301",
      "warmup_steps": 41
    },
    {
      "accepted": true,
      "best_action": 1368,
      "best_return": -1.3399655097679317,
      "best_reward_return": -0.0038541643982146438,
      "noop_margin": 0.05879448643071483,
      "noop_return": -1.3987599961986465,
      "noop_reward_margin": 0.06083888428553386,
      "noop_reward_return": -0.0646930486837485,
      "opponent": "split-lane",
      "opponent_randomness": "deterministic-strategy",
      "parent_action": 1985,
      "parent_margin": 0.04238477785385508,
      "parent_return": -1.3823502876217868,
      "parent_reward_margin": 0.04765674953220581,
      "parent_reward_return": -0.051510913930420454,
      "probe": "137_w041_split-lane_1198338.json",
      "probe_sha256": "ff003a393849d4054234e8c164f58438a560ccefbbea458e14574c4f7c241cee",
      "seed": 1198338,
      "state_sha256": "3f084f6e069d52d77692cb2ed98c039d4ab405d1b0a097fba7b22ce9a352894e",
      "warmup_steps": 41
    },
    {
      "accepted": false,
      "best_action": 1368,
      "best_return": -1.2740992753077773,
      "best_reward_return": 0.05473480854274417,
      "noop_margin": 0.0719058754144919,
      "noop_return": -1.3460051507222692,
      "noop_reward_margin": 0.06996907744676885,
      "noop_reward_return": -0.015234268904024673,
      "opponent": "random",
      "opponent_randomness": "common-quantile-v1",
      "parent_action": 1368,
      "parent_margin": 0.0,
      "parent_return": -1.2740992753077773,
      "parent_reward_margin": 0.0,
      "parent_reward_return": 0.05473480854274417,
      "probe": "138_w041_random_1198339.json",
      "probe_sha256": "29f59c183eb3e7b56b58ae151af512961915c2b6f6ed30371dd4360cb09814a6",
      "seed": 1198339,
      "state_sha256": "b7a34ef0f9751460b8977f03368a56a8803f1523d20d71135ccf2a633590cd4c",
      "warmup_steps": 41
    },
    {
      "accepted": true,
      "best_action": 1368,
      "best_return": -1.2712370908396955,
      "best_reward_return": 0.05201448256205593,
      "noop_margin": 0.0588344974097621,
      "noop_return": -1.3300715882494576,
      "noop_reward_margin": 0.05201448256205593,
      "noop_reward_return": 0.0,
      "opponent": "random",
      "opponent_randomness": "common-quantile-v1",
      "parent_action": 1944,
      "parent_margin": 0.06013911961646401,
      "parent_return": -1.3313762104561595,
      "parent_reward_margin": 0.05201448256205593,
      "parent_reward_return": 0.0,
      "probe": "139_w041_random_1198340.json",
      "probe_sha256": "c45ee0489daa24b0073e044687c4036adf01ed57f1dd70c4177b8581140e1f7f",
      "seed": 1198340,
      "state_sha256": "324ce56555f2fbdc46db1621bb923d1731bb551a80f710fce0211034a8982c55",
      "warmup_steps": 41
    },
    {
      "accepted": true,
      "best_action": 1368,
      "best_return": -1.2560773719579745,
      "best_reward_return": 0.08784035579027123,
      "noop_margin": 0.05271343236983328,
      "noop_return": -1.3087908043278078,
      "noop_reward_margin": 0.05201445589305143,
      "noop_reward_return": 0.0358258998972198,
      "opponent": "balanced",
      "opponent_randomness": "deterministic-strategy",
      "parent_action": 2304,
      "parent_margin": 0.05271343236983328,
      "parent_return": -1.3087908043278078,
      "parent_reward_margin": 0.05201445589305143,
      "parent_reward_return": 0.0358258998972198,
      "probe": "140_w042_balanced_1198341.json",
      "probe_sha256": "126428e414eae2197e29b362c8eaaa362723c4c9295e2af10aaf275349e8658c",
      "seed": 1198341,
      "state_sha256": "263f0800325b6d218da0300d1655a49c923ae2c01a17aaa56627933e18e51867",
      "warmup_steps": 42
    },
    {
      "accepted": true,
      "best_action": 1368,
      "best_return": -1.2560773719579745,
      "best_reward_return": 0.08784035579027123,
      "noop_margin": 0.05271343236983328,
      "noop_return": -1.3087908043278078,
      "noop_reward_margin": 0.05201445589305143,
      "noop_reward_return": 0.0358258998972198,
      "opponent": "balanced",
      "opponent_randomness": "deterministic-strategy",
      "parent_action": 2304,
      "parent_margin": 0.05271343236983328,
      "parent_return": -1.3087908043278078,
      "parent_reward_margin": 0.05201445589305143,
      "parent_reward_return": 0.0358258998972198,
      "probe": "141_w042_balanced_1198342.json",
      "probe_sha256": "8bb7cc94588ac6340626d33ff9ab953f99bb603bd25a19200014ecd08e9bedb3",
      "seed": 1198342,
      "state_sha256": "749173e1b54e0a9389f2f619cf06eb46537d7d6f7d23090b3d233a2fc67725eb",
      "warmup_steps": 42
    },
    {
      "accepted": true,
      "best_action": 243,
      "best_return": -1.3024320752683498,
      "best_reward_return": 0.03599509871263193,
      "noop_margin": 0.15072520639385156,
      "noop_return": -1.4531572816622014,
      "noop_reward_margin": 0.13642985322103912,
      "noop_reward_return": -0.10043475450840719,
      "opponent": "bridge-pressure",
      "opponent_randomness": "deterministic-strategy",
      "parent_action": 2304,
      "parent_margin": 0.15072520639385156,
      "parent_return": -1.4531572816622014,
      "parent_reward_margin": 0.13642985322103912,
      "parent_reward_return": -0.10043475450840719,
      "probe": "142_w042_bridge-pressure_1198343.json",
      "probe_sha256": "d4713bbc80ca9bb15b9e8c5aac6eb2dda943c7a40d66cbc08841cee663203bf7",
      "seed": 1198343,
      "state_sha256": "f0e340e7f31aa799fae9a0a7dcd97c271d9fd53d331837cecacb1f4524f9acdd",
      "warmup_steps": 42
    },
    {
      "accepted": true,
      "best_action": 1990,
      "best_return": -1.2882655494524637,
      "best_reward_return": 0.04485561830827675,
      "noop_margin": 0.16489173220973763,
      "noop_return": -1.4531572816622014,
      "noop_reward_margin": 0.14529037281668394,
      "noop_reward_return": -0.10043475450840719,
      "opponent": "bridge-pressure",
      "opponent_randomness": "deterministic-strategy",
      "parent_action": 2304,
      "parent_margin": 0.16489173220973763,
      "parent_return": -1.4531572816622014,
      "parent_reward_margin": 0.14529037281668394,
      "parent_reward_return": -0.10043475450840719,
      "probe": "143_w042_bridge-pressure_1198344.json",
      "probe_sha256": "3c1cbb29b93a4a81a364bacc47573ef49f782d206b2dcba4f86e87b36433186b",
      "seed": 1198344,
      "state_sha256": "8e84a1bac1f292c96e99c71bd1128dd28c6ce5db9f3131e193db3cdb88c66617",
      "warmup_steps": 42
    },
    {
      "accepted": false,
      "best_action": 225,
      "best_return": -1.3411390599898096,
      "best_reward_return": -0.004432850018349176,
      "noop_margin": 0.00786113359809204,
      "noop_return": -1.3490001935879017,
      "noop_reward_margin": 0.0,
      "noop_reward_return": -0.004432850018349176,
      "opponent": "reactive-defense",
      "opponent_randomness": "deterministic-strategy",
      "parent_action": 2304,
      "parent_margin": 0.00786113359809204,
      "parent_return": -1.3490001935879017,
      "parent_reward_margin": 0.0,
      "parent_reward_return": -0.004432850018349176,
      "probe": "144_w042_reactive-defense_1198345.json",
      "probe_sha256": "20b44282ad3dbb69a99cd23a8b2cc8bca98d94e7bccb719295eed5d3ccd2fe85",
      "seed": 1198345,
      "state_sha256": "e906ae7d646cfd24962c485f30736dc872c720661ed6ef811efd19bbddfa3f55",
      "warmup_steps": 42
    },
    {
      "accepted": false,
      "best_action": 225,
      "best_return": -1.3411390599898096,
      "best_reward_return": -0.004432850018349176,
      "noop_margin": 0.00786113359809204,
      "noop_return": -1.3490001935879017,
      "noop_reward_margin": 0.0,
      "noop_reward_return": -0.004432850018349176,
      "opponent": "reactive-defense",
      "opponent_randomness": "deterministic-strategy",
      "parent_action": 2304,
      "parent_margin": 0.00786113359809204,
      "parent_return": -1.3490001935879017,
      "parent_reward_margin": 0.0,
      "parent_reward_return": -0.004432850018349176,
      "probe": "145_w042_reactive-defense_1198346.json",
      "probe_sha256": "5d556927a24474c30bb4cdd6b04b652a7ac2bd83458e37be0f5c685b7a2a63b7",
      "seed": 1198346,
      "state_sha256": "f2df4fd3e6cfb6d2ccf4c9cc79bf8438be1a3b205affa06434f818fa87e75610",
      "warmup_steps": 42
    },
    {
      "accepted": true,
      "best_action": 1901,
      "best_return": -1.383678264748698,
      "best_reward_return": -0.04047240855211215,
      "noop_margin": 0.04229142725656865,
      "noop_return": -1.4259696920052667,
      "noop_reward_margin": 0.044193133709050425,
      "noop_reward_return": -0.08466554226116257,
      "opponent": "spell-control",
      "opponent_randomness": "deterministic-strategy",
      "parent_action": 2304,
      "parent_margin": 0.04229142725656865,
      "parent_return": -1.4259696920052667,
      "parent_reward_margin": 0.044193133709050425,
      "parent_reward_return": -0.08466554226116257,
      "probe": "146_w042_spell-control_1198347.json",
      "probe_sha256": "8f77f3f86f9ba667dae1dc70eb945a13efccd4092e64e9e3c591a54b481098da",
      "seed": 1198347,
      "state_sha256": "45faf5010508358bc28fd7ed5c5fd12a15183438fffabf1bae9e785839888bb8",
      "warmup_steps": 42
    },
    {
      "accepted": false,
      "best_action": 1251,
      "best_return": -1.4106044253594168,
      "best_reward_return": -0.07361727187135485,
      "noop_margin": 0.015365266645849918,
      "noop_return": -1.4259696920052667,
      "noop_reward_margin": 0.011048270389807727,
      "noop_reward_return": -0.08466554226116257,
      "opponent": "spell-control",
      "opponent_randomness": "deterministic-strategy",
      "parent_action": 2304,
      "parent_margin": 0.015365266645849918,
      "parent_return": -1.4259696920052667,
      "parent_reward_margin": 0.011048270389807727,
      "parent_reward_return": -0.08466554226116257,
      "probe": "147_w042_spell-control_1198348.json",
      "probe_sha256": "2f7a90c277603bf4c766b556a542ab92b84597320e2f3dc9bea79a37fccc36d3",
      "seed": 1198348,
      "state_sha256": "2b3389be503b03d572aa8a54dac041f85925ceed6877e0fdf4434c63f58d962d",
      "warmup_steps": 42
    },
    {
      "accepted": true,
      "best_action": 1368,
      "best_return": -1.1614420046598544,
      "best_reward_return": 0.17832731408177704,
      "noop_margin": 0.12253647201809015,
      "noop_return": -1.2839784766779445,
      "noop_reward_margin": 0.11641162854310355,
      "noop_reward_return": 0.06191568553867349,
      "opponent": "slow-push",
      "opponent_randomness": "deterministic-strategy",
      "parent_action": 2304,
      "parent_margin": 0.12253647201809015,
      "parent_return": -1.2839784766779445,
      "parent_reward_margin": 0.11641162854310355,
      "parent_reward_return": 0.06191568553867349,
      "probe": "148_w042_slow-push_1198349.json",
      "probe_sha256": "39998b965966e6b4b82c93e9e01334a6631882eea359d3ec7edb6cea841928f4",
      "seed": 1198349,
      "state_sha256": "587571d5f55ae7987797f86a7863c0bc8a9d50244cb528d188ef7c4c5d3b9c4a",
      "warmup_steps": 42
    },
    {
      "accepted": true,
      "best_action": 1409,
      "best_return": -1.1597162835940553,
      "best_reward_return": 0.17832731475797697,
      "noop_margin": 0.1242621930838892,
      "noop_return": -1.2839784766779445,
      "noop_reward_margin": 0.11641162921930348,
      "noop_reward_return": 0.06191568553867349,
      "opponent": "slow-push",
      "opponent_randomness": "deterministic-strategy",
      "parent_action": 2304,
      "parent_margin": 0.1242621930838892,
      "parent_return": -1.2839784766779445,
      "parent_reward_margin": 0.11641162921930348,
      "parent_reward_return": 0.06191568553867349,
      "probe": "149_w042_slow-push_1198350.json",
      "probe_sha256": "e1f7a461784d0091cec1e7aa19386fd676962b974a4268ae970fa85ab5587b98",
      "seed": 1198350,
      "state_sha256": "9990c81f7205d5b9488d67a439c43d945c9721e99c63cd479d8e9d9e2afd10e2",
      "warmup_steps": 42
    },
    {
      "accepted": true,
      "best_action": 1368,
      "best_return": -1.3332572802019587,
      "best_reward_return": 0.0005035678305925564,
      "noop_margin": 0.049249333862439126,
      "noop_return": -1.3825066140643978,
      "noop_reward_margin": 0.05201448184506332,
      "noop_reward_return": -0.05151091401447076,
      "opponent": "split-lane",
      "opponent_randomness": "deterministic-strategy",
      "parent_action": 2304,
      "parent_margin": 0.049249333862439126,
      "parent_return": -1.3825066140643978,
      "parent_reward_margin": 0.05201448184506332,
      "parent_reward_return": -0.05151091401447076,
      "probe": "150_w042_split-lane_1198351.json",
      "probe_sha256": "fdf12c460372c10d809c2bfbc31f286526ffdd9f09cd535d23ba0a0647d607d0",
      "seed": 1198351,
      "state_sha256": "b44f9ae7190aa1aa056b2074004e2ae6d8d022cfe45689a8d11af2ad5d7aa97b",
      "warmup_steps": 42
    },
    {
      "accepted": true,
      "best_action": 1368,
      "best_return": -1.3332572802019587,
      "best_reward_return": 0.0005035678305925564,
      "noop_margin": 0.049249333862439126,
      "noop_return": -1.3825066140643978,
      "noop_reward_margin": 0.05201448184506332,
      "noop_reward_return": -0.05151091401447076,
      "opponent": "split-lane",
      "opponent_randomness": "deterministic-strategy",
      "parent_action": 2304,
      "parent_margin": 0.049249333862439126,
      "parent_return": -1.3825066140643978,
      "parent_reward_margin": 0.05201448184506332,
      "parent_reward_return": -0.05151091401447076,
      "probe": "151_w042_split-lane_1198352.json",
      "probe_sha256": "95ceaeeaf61cbddff85bbf38143706237f5b51ec37df31968f60cbd787bf9cd2",
      "seed": 1198352,
      "state_sha256": "41f46b60d509e5450b6ed46213e8e5d5f7eaeaeaac228407e42e1e6b533f2a19",
      "warmup_steps": 42
    },
    {
      "accepted": false,
      "best_action": 2304,
      "best_return": -1.295695130522808,
      "best_reward_return": 0.029597247024370266,
      "noop_margin": 0.0,
      "noop_return": -1.295695130522808,
      "noop_reward_margin": 0.0,
      "noop_reward_return": 0.029597247024370266,
      "opponent": "random",
      "opponent_randomness": "common-quantile-v1",
      "parent_action": 2304,
      "parent_margin": 0.0,
      "parent_return": -1.295695130522808,
      "parent_reward_margin": 0.0,
      "parent_reward_return": 0.029597247024370266,
      "probe": "152_w042_random_1198353.json",
      "probe_sha256": "9b5917c58a85bed5bf4ffc81372256d9202907dcf902a3e600ba5911879ed67c",
      "seed": 1198353,
      "state_sha256": "432d1e1bfe929041189e1e1d1a027abb2a4f255f06e7d3a91469adf643b113df",
      "warmup_steps": 42
    },
    {
      "accepted": false,
      "best_action": 36,
      "best_return": -1.3141745325946854,
      "best_reward_return": 0.007172691921207617,
      "noop_margin": 0.00671600867000266,
      "noop_return": -1.320890541264688,
      "noop_reward_margin": 0.0,
      "noop_reward_return": 0.007172691921207617,
      "opponent": "random",
      "opponent_randomness": "common-quantile-v1",
      "parent_action": 2304,
      "parent_margin": 0.00671600867000266,
      "parent_return": -1.320890541264688,
      "parent_reward_margin": 0.0,
      "parent_reward_return": 0.007172691921207617,
      "probe": "153_w042_random_1198354.json",
      "probe_sha256": "80e754de8a77f3d03654fcfda9a66f48fa97c4ac9e0e71555579fa5869681291",
      "seed": 1198354,
      "state_sha256": "4408060a2e6008e736d2911a3cc79426da01d04c00e708b22fd0b92ee2dfab27",
      "warmup_steps": 42
    },
    {
      "accepted": false,
      "best_action": 1368,
      "best_return": -1.2405988577318476,
      "best_reward_return": 0.10714997562314828,
      "noop_margin": 0.013655672968077015,
      "noop_return": -1.2542545306999247,
      "noop_reward_margin": 0.017338168121726547,
      "noop_reward_return": 0.08981180750142173,
      "opponent": "balanced",
      "opponent_randomness": "deterministic-strategy",
      "parent_action": 2304,
      "parent_margin": 0.013655672968077015,
      "parent_return": -1.2542545306999247,
      "parent_reward_margin": 0.017338168121726547,
      "parent_reward_return": 0.08981180750142173,
      "probe": "154_w048_balanced_1198355.json",
      "probe_sha256": "4e76977544b9e44a0d517d3a1dc5b511c1b24391ad33e3880896bdfeea3d717c",
      "seed": 1198355,
      "state_sha256": "110ae0e3fb2cb9f9968a67dac89310207d4c3c3868f3c9ec77be5cb4dbb2cc86",
      "warmup_steps": 48
    },
    {
      "accepted": false,
      "best_action": 1368,
      "best_return": -1.2405988577318476,
      "best_reward_return": 0.10714997562314828,
      "noop_margin": 0.013655672968077015,
      "noop_return": -1.2542545306999247,
      "noop_reward_margin": 0.017338168121726547,
      "noop_reward_return": 0.08981180750142173,
      "opponent": "balanced",
      "opponent_randomness": "deterministic-strategy",
      "parent_action": 2304,
      "parent_margin": 0.013655672968077015,
      "parent_return": -1.2542545306999247,
      "parent_reward_margin": 0.017338168121726547,
      "parent_reward_return": 0.08981180750142173,
      "probe": "155_w048_balanced_1198356.json",
      "probe_sha256": "65c3be1c6320905941fe3a83e90ba61c4b0b2ba9b9ee20aa14b00b27d931df44",
      "seed": 1198356,
      "state_sha256": "b657d9e4ad1eeddf5686d5534bff24e9a285828e7f654d792b1c06f6094298a4",
      "warmup_steps": 48
    },
    {
      "accepted": true,
      "best_action": 225,
      "best_return": -1.3144844609710717,
      "best_reward_return": 0.04790937234113035,
      "noop_margin": 0.09666886974638267,
      "noop_return": -1.4111533307174544,
      "noop_reward_margin": 0.09594526579053075,
      "noop_reward_return": -0.0480358934494004,
      "opponent": "bridge-pressure",
      "opponent_randomness": "deterministic-strategy",
      "parent_action": 2304,
      "parent_margin": 0.09666886974638267,
      "parent_return": -1.4111533307174544,
      "parent_reward_margin": 0.09594526579053075,
      "parent_reward_return": -0.0480358934494004,
      "probe": "156_w048_bridge-pressure_1198357.json",
      "probe_sha256": "2ee9dfa117819a9aa1bb0f6576b7d05672e170aaf33b1556bef718b4d00b4864",
      "seed": 1198357,
      "state_sha256": "fbab0a957f67681f8f2c5cb0a24266efb1f9391966cec33c1b79a2737543a852",
      "warmup_steps": 48
    },
    {
      "accepted": true,
      "best_action": 225,
      "best_return": -1.3144844609710717,
      "best_reward_return": 0.04790937234113035,
      "noop_margin": 0.09666886974638267,
      "noop_return": -1.4111533307174544,
      "noop_reward_margin": 0.09594526579053075,
      "noop_reward_return": -0.0480358934494004,
      "opponent": "bridge-pressure",
      "opponent_randomness": "deterministic-strategy",
      "parent_action": 2304,
      "parent_margin": 0.09666886974638267,
      "parent_return": -1.4111533307174544,
      "parent_reward_margin": 0.09594526579053075,
      "parent_reward_return": -0.0480358934494004,
      "probe": "157_w048_bridge-pressure_1198358.json",
      "probe_sha256": "880399b75db9fb36c58f3c59f4c13cfbbede2fb867eb50b12cfb25ff010d8450",
      "seed": 1198358,
      "state_sha256": "a1d4fea723303d28bedc955d454c715b3107ae96627abd10714b25d74998bbbb",
      "warmup_steps": 48
    },
    {
      "accepted": false,
      "best_action": 225,
      "best_return": -1.3321317444902774,
      "best_reward_return": -0.004432850018349176,
      "noop_margin": 0.014588980369621973,
      "noop_return": -1.3467207248598994,
      "noop_reward_margin": 0.0,
      "noop_reward_return": -0.004432850018349176,
      "opponent": "reactive-defense",
      "opponent_randomness": "deterministic-strategy",
      "parent_action": 2304,
      "parent_margin": 0.014588980369621973,
      "parent_return": -1.3467207248598994,
      "parent_reward_margin": 0.0,
      "parent_reward_return": -0.004432850018349176,
      "probe": "158_w048_reactive-defense_1198359.json",
      "probe_sha256": "243c5683a4e7cfb461807d354a8eb6cff443fc493e6cfe746da3a5d8d4cfbffc",
      "seed": 1198359,
      "state_sha256": "c9f0b269d8ce7b1d677b311a2061dd23a0c715e03257b42bf857efdcfce77206",
      "warmup_steps": 48
    },
    {
      "accepted": false,
      "best_action": 225,
      "best_return": -1.3321317444902774,
      "best_reward_return": -0.004432850018349176,
      "noop_margin": 0.014588980369621973,
      "noop_return": -1.3467207248598994,
      "noop_reward_margin": 0.0,
      "noop_reward_return": -0.004432850018349176,
      "opponent": "reactive-defense",
      "opponent_randomness": "deterministic-strategy",
      "parent_action": 2304,
      "parent_margin": 0.014588980369621973,
      "parent_return": -1.3467207248598994,
      "parent_reward_margin": 0.0,
      "parent_reward_return": -0.004432850018349176,
      "probe": "159_w048_reactive-defense_1198360.json",
      "probe_sha256": "0685ee324d19ce970ed663eb39fda33f346569ffc2f62280ce5fc4b14ba2aef5",
      "seed": 1198360,
      "state_sha256": "87e8df39f6e7497ba6d49b90b88cbf4355bec745ce12434ce0fb6a679fc7f7ae",
      "warmup_steps": 48
    },
    {
      "accepted": true,
      "best_action": 1223,
      "best_return": -1.3643887373333918,
      "best_reward_return": -0.02801177456065759,
      "noop_margin": 0.05907539287300567,
      "noop_return": -1.4234641302063975,
      "noop_reward_margin": 0.055241433438208615,
      "noop_reward_return": -0.08325320799886621,
      "opponent": "spell-control",
      "opponent_randomness": "deterministic-strategy",
      "parent_action": 2304,
      "parent_margin": 0.05907539287300567,
      "parent_return": -1.4234641302063975,
      "parent_reward_margin": 0.055241433438208615,
      "parent_reward_return": -0.08325320799886621,
      "probe": "160_w048_spell-control_1198361.json",
      "probe_sha256": "f59c900ee6448401f78a64b5db9b2a6cdef90f724b301aec37d721dfe4ac73ec",
      "seed": 1198361,
      "state_sha256": "bd7e1155ab9e949b1e693c5cc338ad7084a40ab785bc1195072fc9675d5fc25d",
      "warmup_steps": 48
    },
    {
      "accepted": false,
      "best_action": 1985,
      "best_return": -1.4173004958094422,
      "best_reward_return": -0.08325320799886621,
      "noop_margin": 0.006163634396955331,
      "noop_return": -1.4234641302063975,
      "noop_reward_margin": 0.0,
      "noop_reward_return": -0.08325320799886621,
      "opponent": "spell-control",
      "opponent_randomness": "deterministic-strategy",
      "parent_action": 2304,
      "parent_margin": 0.006163634396955331,
      "parent_return": -1.4234641302063975,
      "parent_reward_margin": 0.0,
      "parent_reward_return": -0.08325320799886621,
      "probe": "161_w048_spell-control_1198362.json",
      "probe_sha256": "6d9f6ad486ca007d0f3edafd556c8382077616ea4c685f539ba32cff06b42fec",
      "seed": 1198362,
      "state_sha256": "7e78f152570bea4ce98da0f4e80a670657da8594291331701da4ad972a5fb096",
      "warmup_steps": 48
    },
    {
      "accepted": false,
      "best_action": 1904,
      "best_return": -1.1969322117216097,
      "best_reward_return": 0.139218030267411,
      "noop_margin": 0.012343664437841184,
      "noop_return": -1.2092758761594509,
      "noop_reward_margin": 0.009188598986163893,
      "noop_reward_return": 0.1300294312812471,
      "opponent": "slow-push",
      "opponent_randomness": "deterministic-strategy",
      "parent_action": 2304,
      "parent_margin": 0.012343664437841184,
      "parent_return": -1.2092758761594509,
      "parent_reward_margin": 0.009188598986163893,
      "parent_reward_return": 0.1300294312812471,
      "probe": "162_w048_slow-push_1198363.json",
      "probe_sha256": "89a4ad34e8bc66fdb2ef5f6c7ef6f94017ee652ca56cb00b00a72e7a07f4b5bc",
      "seed": 1198363,
      "state_sha256": "b8a53b8b3637d574d3ca74d9c14c9153f62e217832e1402ba0098cda41cc063a",
      "warmup_steps": 48
    },
    {
      "accepted": false,
      "best_action": 1295,
      "best_return": -1.2045865081919764,
      "best_reward_return": 0.1300294312812471,
      "noop_margin": 0.004689367967474434,
      "noop_return": -1.2092758761594509,
      "noop_reward_margin": 0.0,
      "noop_reward_return": 0.1300294312812471,
      "opponent": "slow-push",
      "opponent_randomness": "deterministic-strategy",
      "parent_action": 2304,
      "parent_margin": 0.004689367967474434,
      "parent_return": -1.2092758761594509,
      "parent_reward_margin": 0.0,
      "parent_reward_return": 0.1300294312812471,
      "probe": "163_w048_slow-push_1198364.json",
      "probe_sha256": "1d6b775d29834e758af729fde297220c9f430ac1abd009897b9ba05e889505f2",
      "seed": 1198364,
      "state_sha256": "526536d5cf035bd608e4d443dd86c6c8c75ad0bdc50f39f7b263e6596c243b9d",
      "warmup_steps": 48
    },
    {
      "accepted": true,
      "best_action": 1368,
      "best_return": -1.2944066422016147,
      "best_reward_return": 0.04728679082753224,
      "noop_margin": 0.031050496392131643,
      "noop_return": -1.3254571385937464,
      "noop_reward_margin": 0.03467633777418641,
      "noop_reward_return": 0.012610453053345825,
      "opponent": "split-lane",
      "opponent_randomness": "deterministic-strategy",
      "parent_action": 2304,
      "parent_margin": 0.031050496392131643,
      "parent_return": -1.3254571385937464,
      "parent_reward_margin": 0.03467633777418641,
      "parent_reward_return": 0.012610453053345825,
      "probe": "164_w048_split-lane_1198365.json",
      "probe_sha256": "7a25e880aed531e3c025434ef401a6489f2c5c4d1cfa5819f4052b806ff6d210",
      "seed": 1198365,
      "state_sha256": "2ab8ead808fbe6cfcb5ab796f10887d62e1772db9c3c85a3b4136924342f9b3c",
      "warmup_steps": 48
    },
    {
      "accepted": true,
      "best_action": 1368,
      "best_return": -1.2944066422016147,
      "best_reward_return": 0.04728679082753224,
      "noop_margin": 0.031050496392131643,
      "noop_return": -1.3254571385937464,
      "noop_reward_margin": 0.03467633777418641,
      "noop_reward_return": 0.012610453053345825,
      "opponent": "split-lane",
      "opponent_randomness": "deterministic-strategy",
      "parent_action": 2304,
      "parent_margin": 0.031050496392131643,
      "parent_return": -1.3254571385937464,
      "parent_reward_margin": 0.03467633777418641,
      "parent_reward_return": 0.012610453053345825,
      "probe": "165_w048_split-lane_1198366.json",
      "probe_sha256": "b1fa8a743f889a3910e5a883b7ac576175ee628ba68cb4b0f156303a8167cdae",
      "seed": 1198366,
      "state_sha256": "a5a34fd1a70ab7af25d7c29b4e98456940632acfb47478285e7a731f1386c6b6",
      "warmup_steps": 48
    },
    {
      "accepted": true,
      "best_action": 1368,
      "best_return": -1.2972358356112905,
      "best_reward_return": 0.05408673033957366,
      "noop_margin": 0.03838776666310806,
      "noop_return": -1.3356236022743986,
      "noop_reward_margin": 0.03467631043965087,
      "noop_reward_return": 0.019410419899922787,
      "opponent": "random",
      "opponent_randomness": "common-quantile-v1",
      "parent_action": 2304,
      "parent_margin": 0.03838776666310806,
      "parent_return": -1.3356236022743986,
      "parent_reward_margin": 0.03467631043965087,
      "parent_reward_return": 0.019410419899922787,
      "probe": "166_w048_random_1198367.json",
      "probe_sha256": "0e7f68271017dfe7aa1a4b4b28b9800ee1af1093bd6b941ab051022024a407a7",
      "seed": 1198367,
      "state_sha256": "f722699e04e6233be96c37a157759960ab5ed1b36a1cc4b20d2edb2d55e1ca49",
      "warmup_steps": 48
    },
    {
      "accepted": false,
      "best_action": 1835,
      "best_return": -1.3098466798646202,
      "best_reward_return": 0.022989739275456077,
      "noop_margin": 0.005012732885355309,
      "noop_return": -1.3148594127499755,
      "noop_reward_margin": 0.007989169840773403,
      "noop_reward_return": 0.015000569434682674,
      "opponent": "random",
      "opponent_randomness": "common-quantile-v1",
      "parent_action": 2304,
      "parent_margin": 0.005012732885355309,
      "parent_return": -1.3148594127499755,
      "parent_reward_margin": 0.007989169840773403,
      "parent_reward_return": 0.015000569434682674,
      "probe": "167_w048_random_1198368.json",
      "probe_sha256": "afd0e759292d850ec3a7c90a4e0e7d30dbde476c975375dc643597f9a90b49be",
      "seed": 1198368,
      "state_sha256": "bbda80faed976dc61af4de4788feae11a060855c4e1afcbd4a519867af043feb",
      "warmup_steps": 48
    },
    {
      "accepted": false,
      "best_action": 1879,
      "best_return": -1.2003653580466593,
      "best_reward_return": 0.14238969901587611,
      "noop_margin": -0.004430390333255874,
      "noop_return": -1.1959349677134035,
      "noop_reward_margin": 0.0018610321417925069,
      "noop_reward_return": 0.1405286668740836,
      "opponent": "balanced",
      "opponent_randomness": "deterministic-strategy",
      "parent_action": 2304,
      "parent_margin": -0.004430390333255874,
      "parent_return": -1.1959349677134035,
      "parent_reward_margin": 0.0018610321417925069,
      "parent_reward_return": 0.1405286668740836,
      "probe": "168_w054_balanced_1198369.json",
      "probe_sha256": "2791dfb42884d2c913a6f5b0bd55f0247fb0ae35632d17eac977465f0d89390f",
      "seed": 1198369,
      "state_sha256": "6bbd5d4420679b5202c487db0d544a603c7f0742eb2fbda04824bb5558403b5b",
      "warmup_steps": 54
    },
    {
      "accepted": false,
      "best_action": 1368,
      "best_return": -1.2014958060567689,
      "best_reward_return": 0.1405286710258002,
      "noop_margin": -0.005560838343365404,
      "noop_return": -1.1959349677134035,
      "noop_reward_margin": 4.1517165816351564e-09,
      "noop_reward_return": 0.1405286668740836,
      "opponent": "balanced",
      "opponent_randomness": "deterministic-strategy",
      "parent_action": 2304,
      "parent_margin": -0.005560838343365404,
      "parent_return": -1.1959349677134035,
      "parent_reward_margin": 4.1517165816351564e-09,
      "parent_reward_return": 0.1405286668740836,
      "probe": "169_w054_balanced_1198370.json",
      "probe_sha256": "bfc292fc7d81b974817f44eb7edced1d22778b401be690c4a5434781a0f2320a",
      "seed": 1198370,
      "state_sha256": "4fb5d520e4d8e8df57ef653e5e5602ad0f667ba01b18e81709543c741644cbc3",
      "warmup_steps": 54
    },
    {
      "accepted": false,
      "best_action": 1985,
      "best_return": -1.3291846704034314,
      "best_reward_return": 0.04044795059800274,
      "noop_margin": 0.003775649535040948,
      "noop_return": -1.3329603199384723,
      "noop_reward_margin": 0.010857793773707082,
      "noop_reward_return": 0.02959015682429566,
      "opponent": "bridge-pressure",
      "opponent_randomness": "deterministic-strategy",
      "parent_action": 2304,
      "parent_margin": 0.003775649535040948,
      "parent_return": -1.3329603199384723,
      "parent_reward_margin": 0.010857793773707082,
      "parent_reward_return": 0.02959015682429566,
      "probe": "170_w054_bridge-pressure_1198371.json",
      "probe_sha256": "00b0bc00912181de33c4d26e31d3163d25971eaf4231a2509fbdd00b8cf2f499",
      "seed": 1198371,
      "state_sha256": "1b25dc070dac95c7c9000ee450929d6c7cc2260d48d43aee2f7a0cebda27974b",
      "warmup_steps": 54
    },
    {
      "accepted": false,
      "best_action": 1985,
      "best_return": -1.3291846704034314,
      "best_reward_return": 0.04044795059800274,
      "noop_margin": 0.003775649535040948,
      "noop_return": -1.3329603199384723,
      "noop_reward_margin": 0.010857793773707082,
      "noop_reward_return": 0.02959015682429566,
      "opponent": "bridge-pressure",
      "opponent_randomness": "deterministic-strategy",
      "parent_action": 2304,
      "parent_margin": 0.003775649535040948,
      "parent_return": -1.3329603199384723,
      "parent_reward_margin": 0.010857793773707082,
      "parent_reward_return": 0.02959015682429566,
      "probe": "171_w054_bridge-pressure_1198372.json",
      "probe_sha256": "2bd6c7b9a090f73895c52bd7c17bd4f1b4692ce95096f34ba2e469c03eb14f7a",
      "seed": 1198372,
      "state_sha256": "2a8444b4e3ca94f064dc78bce7a05faf8312f5ae4b7f3ef45a3f36bdddba631c",
      "warmup_steps": 54
    },
    {
      "accepted": false,
      "best_action": 225,
      "best_return": -1.3429108375659693,
      "best_reward_return": -0.008863126966052744,
      "noop_margin": 0.01144659114628932,
      "noop_return": -1.3543574287122586,
      "noop_reward_margin": 0.0021330704670751016,
      "noop_reward_return": -0.010996197433127845,
      "opponent": "reactive-defense",
      "opponent_randomness": "deterministic-strategy",
      "parent_action": 2304,
      "parent_margin": 0.01144659114628932,
      "parent_return": -1.3543574287122586,
      "parent_reward_margin": 0.0021330704670751016,
      "parent_reward_return": -0.010996197433127845,
      "probe": "172_w054_reactive-defense_1198373.json",
      "probe_sha256": "e3e669c2d3c09b27bdb1da8a76134fe423a03f11a86d84effda0ca39aaa158cb",
      "seed": 1198373,
      "state_sha256": "a154724cb843ed6e30fa5f3076d86791eda431b94d13540eac51cb101d20afc4",
      "warmup_steps": 54
    },
    {
      "accepted": false,
      "best_action": 225,
      "best_return": -1.3429108375659693,
      "best_reward_return": -0.008863126966052744,
      "noop_margin": 0.01144659114628932,
      "noop_return": -1.3543574287122586,
      "noop_reward_margin": 0.0021330704670751016,
      "noop_reward_return": -0.010996197433127845,
      "opponent": "reactive-defense",
      "opponent_randomness": "deterministic-strategy",
      "parent_action": 2304,
      "parent_margin": 0.01144659114628932,
      "parent_return": -1.3543574287122586,
      "parent_reward_margin": 0.0021330704670751016,
      "parent_reward_return": -0.010996197433127845,
      "probe": "173_w054_reactive-defense_1198374.json",
      "probe_sha256": "04cb33c2ac1ed4ced001a8d9272e04c707d862dedd63a3371d4f0bdd39ed3e76",
      "seed": 1198374,
      "state_sha256": "fccc16e18145d29c6fe8b2d056823d4f04852d4dd180dab9321417b658f402be",
      "warmup_steps": 54
    },
    {
      "accepted": true,
      "best_action": 1368,
      "best_return": -1.363733192873286,
      "best_reward_return": -0.0251870036930218,
      "noop_margin": 0.026056065211661927,
      "noop_return": -1.389789258084948,
      "noop_reward_margin": 0.03314486838243721,
      "noop_reward_return": -0.05833187207545901,
      "opponent": "spell-control",
      "opponent_randomness": "deterministic-strategy",
      "parent_action": 2304,
      "parent_margin": 0.026056065211661927,
      "parent_return": -1.389789258084948,
      "parent_reward_margin": 0.03314486838243721,
      "parent_reward_return": -0.05833187207545901,
      "probe": "174_w054_spell-control_1198375.json",
      "probe_sha256": "d73a2de7754b0d2d336310bb8fbc5acc02e8a8b130908fc4dbb1fe7fac84e70f",
      "seed": 1198375,
      "state_sha256": "e8df9e4773f6f5df4fc9eb0e3d248485018cdc985123b57b47585e41eabd73ae",
      "warmup_steps": 54
    },
    {
      "accepted": true,
      "best_action": 1368,
      "best_return": -1.363733192873286,
      "best_reward_return": -0.0251870036930218,
      "noop_margin": 0.026056065211661927,
      "noop_return": -1.389789258084948,
      "noop_reward_margin": 0.03314486838243721,
      "noop_reward_return": -0.05833187207545901,
      "opponent": "spell-control",
      "opponent_randomness": "deterministic-strategy",
      "parent_action": 2304,
      "parent_margin": 0.026056065211661927,
      "parent_return": -1.389789258084948,
      "parent_reward_margin": 0.03314486838243721,
      "parent_reward_return": -0.05833187207545901,
      "probe": "175_w054_spell-control_1198376.json",
      "probe_sha256": "3880b7fcc42bcd193fc8cbd51c8455bd00f0c07a3c9ba5497891b6cc57399fbb",
      "seed": 1198376,
      "state_sha256": "5f0d421fc55f39537fd14990647391b8619a73948a9bc3ba8845aee34f492300",
      "warmup_steps": 54
    },
    {
      "accepted": false,
      "best_action": 214,
      "best_return": -1.2013663044000356,
      "best_reward_return": 0.1300267119323993,
      "noop_margin": 0.01858755664917555,
      "noop_return": -1.219953861049211,
      "noop_reward_margin": 0.01787177429611847,
      "noop_reward_return": 0.11215493763628084,
      "opponent": "slow-push",
      "opponent_randomness": "deterministic-strategy",
      "parent_action": 2304,
      "parent_margin": 0.01858755664917555,
      "parent_return": -1.219953861049211,
      "parent_reward_margin": 0.01787177429611847,
      "parent_reward_return": 0.11215493763628084,
      "probe": "176_w054_slow-push_1198377.json",
      "probe_sha256": "c5f36dfd0fee45864c7033c67f7e151e31197476f6b78c17f40398eb4b985d3a",
      "seed": 1198377,
      "state_sha256": "7db20beeda23b8f92eede798f3db20a126264e49cbce13710e1206647939f132",
      "warmup_steps": 54
    },
    {
      "accepted": false,
      "best_action": 1944,
      "best_return": -1.2251603258746562,
      "best_reward_return": 0.11264661614416661,
      "noop_margin": -0.005206464825445067,
      "noop_return": -1.219953861049211,
      "noop_reward_margin": 0.0004916785078857705,
      "noop_reward_return": 0.11215493763628084,
      "opponent": "slow-push",
      "opponent_randomness": "deterministic-strategy",
      "parent_action": 2304,
      "parent_margin": -0.005206464825445067,
      "parent_return": -1.219953861049211,
      "parent_reward_margin": 0.0004916785078857705,
      "parent_reward_return": 0.11215493763628084,
      "probe": "177_w054_slow-push_1198378.json",
      "probe_sha256": "4998b86cebb01f7b63b08829ce14a3a57ec8155a23eff7436c2fb3d6d4425926",
      "seed": 1198378,
      "state_sha256": "868fd2fedf082a56fd13fdae911d9d7177b75b178d0e780f45b843da50d6fd1e",
      "warmup_steps": 54
    },
    {
      "accepted": false,
      "best_action": 1944,
      "best_return": -1.242501691774366,
      "best_reward_return": 0.10031403555849641,
      "noop_margin": -0.000480557696047601,
      "noop_return": -1.2420211340783185,
      "noop_reward_margin": 0.0044302461883870825,
      "noop_reward_return": 0.09588378937010933,
      "opponent": "split-lane",
      "opponent_randomness": "deterministic-strategy",
      "parent_action": 2304,
      "parent_margin": -0.000480557696047601,
      "parent_return": -1.2420211340783185,
      "parent_reward_margin": 0.0044302461883870825,
      "parent_reward_return": 0.09588378937010933,
      "probe": "178_w054_split-lane_1198379.json",
      "probe_sha256": "3662c354e5701f1db5604ae453adda47ca673ea2e1d4e5736bed0a80b1702415",
      "seed": 1198379,
      "state_sha256": "c7ed2b0d7cc0defeaaa186a380e10667a7ef93eb9cb10fdf1e3f2b2a078ebd0b",
      "warmup_steps": 54
    },
    {
      "accepted": false,
      "best_action": 1944,
      "best_return": -1.242501691774366,
      "best_reward_return": 0.10031403555849641,
      "noop_margin": -0.000480557696047601,
      "noop_return": -1.2420211340783185,
      "noop_reward_margin": 0.0044302461883870825,
      "noop_reward_return": 0.09588378937010933,
      "opponent": "split-lane",
      "opponent_randomness": "deterministic-strategy",
      "parent_action": 2304,
      "parent_margin": -0.000480557696047601,
      "parent_return": -1.2420211340783185,
      "parent_reward_margin": 0.0044302461883870825,
      "parent_reward_return": 0.09588378937010933,
      "probe": "179_w054_split-lane_1198380.json",
      "probe_sha256": "707567af28c659ceff2c8eb04a761ba7a3da45ad4f331906d2a76224da6bfbc8",
      "seed": 1198380,
      "state_sha256": "afe1b3fc1fde7a935be0686090737258d6c77d51a2b1734f866dce37aa995bba",
      "warmup_steps": 54
    },
    {
      "accepted": false,
      "best_action": 225,
      "best_return": -1.3669443460575241,
      "best_reward_return": -0.017251104526680366,
      "noop_margin": 0.0006286792506857708,
      "noop_return": -1.36757302530821,
      "noop_reward_margin": 0.009188683628224878,
      "noop_reward_return": -0.026439788154905244,
      "opponent": "random",
      "opponent_randomness": "common-quantile-v1",
      "parent_action": 2304,
      "parent_margin": 0.0006286792506857708,
      "parent_return": -1.36757302530821,
      "parent_reward_margin": 0.009188683628224878,
      "parent_reward_return": -0.026439788154905244,
      "probe": "180_w054_random_1198381.json",
      "probe_sha256": "42c7f7cc9c169581953a264f26a7e560fd0e5deb8204cbe09971c43ce8b6e946",
      "seed": 1198381,
      "state_sha256": "4be9cbd6064e989a5949f75656ff1241f98feba3d474ccba7509bcd6f3b8dabc",
      "warmup_steps": 54
    },
    {
      "accepted": true,
      "best_action": 1368,
      "best_return": -1.2451026567236045,
      "best_reward_return": 0.08708710612054688,
      "noop_margin": 0.12155405190477442,
      "noop_return": -1.366656708628379,
      "noop_reward_margin": 0.11088749963939867,
      "noop_reward_return": -0.023800393518851798,
      "opponent": "random",
      "opponent_randomness": "common-quantile-v1",
      "parent_action": 2304,
      "parent_margin": 0.12155405190477442,
      "parent_return": -1.366656708628379,
      "parent_reward_margin": 0.11088749963939867,
      "parent_reward_return": -0.023800393518851798,
      "probe": "181_w054_random_1198382.json",
      "probe_sha256": "839b26eb399fb25731f2222ef75bf02b14c1f5b6d240d599020f765510281be1",
      "seed": 1198382,
      "state_sha256": "58f62e243a848212417a14c4ee2fc568b9ec8867eb04b46a0c849c991ef6c595",
      "warmup_steps": 54
    },
    {
      "accepted": false,
      "best_action": 1369,
      "best_return": -1.1946272119796595,
      "best_reward_return": 0.14199528570242975,
      "noop_margin": 0.04934831221673286,
      "noop_return": -1.2439755241963923,
      "noop_reward_margin": 0.05201442179640145,
      "noop_reward_return": 0.0899808639060283,
      "opponent": "balanced",
      "opponent_randomness": "deterministic-strategy",
      "parent_action": 1368,
      "parent_margin": 1.0569733510656931e-07,
      "parent_return": -1.1946273176769946,
      "parent_reward_margin": 0.0,
      "parent_reward_return": 0.14199528570242975,
      "probe": "182_w055_balanced_1198383.json",
      "probe_sha256": "d027b49546c5c6518dfda15a45e3985337c4b8b13a8f34bfe815575422ee190e",
      "seed": 1198383,
      "state_sha256": "b1b3a45dba78427ddd241230073ed193c179b5f75a371e917b71465e38d43bb6",
      "warmup_steps": 55
    },
    {
      "accepted": false,
      "best_action": 1368,
      "best_return": -1.1946273176769946,
      "best_reward_return": 0.14199528570242975,
      "noop_margin": 0.04934820651939775,
      "noop_return": -1.2439755241963923,
      "noop_reward_margin": 0.05201442179640145,
      "noop_reward_return": 0.0899808639060283,
      "opponent": "balanced",
      "opponent_randomness": "deterministic-strategy",
      "parent_action": 1368,
      "parent_margin": 0.0,
      "parent_return": -1.1946273176769946,
      "parent_reward_margin": 0.0,
      "parent_reward_return": 0.14199528570242975,
      "probe": "183_w055_balanced_1198384.json",
      "probe_sha256": "4f6c52f2fbb705462195eb5e981fa3380ccb25b21b394bf906a14e13ea9aff65",
      "seed": 1198384,
      "state_sha256": "d9f9946e772dfeaf6b68d9ce43528cef6723ef6777e0205cc942208f0022dbc5",
      "warmup_steps": 55
    },
    {
      "accepted": false,
      "best_action": 1985,
      "best_return": -1.3209928930460821,
      "best_reward_return": 0.041458862405735326,
      "noop_margin": 0.05243880881524077,
      "noop_return": -1.373431701861323,
      "noop_reward_margin": 0.047474839171268386,
      "noop_reward_return": -0.00601597676553306,
      "opponent": "bridge-pressure",
      "opponent_randomness": "deterministic-strategy",
      "parent_action": 1985,
      "parent_margin": 0.0,
      "parent_return": -1.3209928930460821,
      "parent_reward_margin": 0.0,
      "parent_reward_return": 0.041458862405735326,
      "probe": "184_w055_bridge-pressure_1198385.json",
      "probe_sha256": "6d78e3ddb585ffe1a5196f1a1dfcbdc43d9f5cd8f54f96c6f1524bc33b58a1db",
      "seed": 1198385,
      "state_sha256": "86a47282fedf4119f46ebeb289928f46792694ed7221a2041ae2c8171758b476",
      "warmup_steps": 55
    },
    {
      "accepted": false,
      "best_action": 1985,
      "best_return": -1.3209928930460821,
      "best_reward_return": 0.041458862405735326,
      "noop_margin": 0.05243880881524077,
      "noop_return": -1.373431701861323,
      "noop_reward_margin": 0.047474839171268386,
      "noop_reward_return": -0.00601597676553306,
      "opponent": "bridge-pressure",
      "opponent_randomness": "deterministic-strategy",
      "parent_action": 1985,
      "parent_margin": 0.0,
      "parent_return": -1.3209928930460821,
      "parent_reward_margin": 0.0,
      "parent_reward_return": 0.041458862405735326,
      "probe": "185_w055_bridge-pressure_1198386.json",
      "probe_sha256": "1d5312887fb58c844948ec74396d0897947dbf4dcded72c4b6b57ce02a4c02a7",
      "seed": 1198386,
      "state_sha256": "d1cff75052a38292d909c4a8bdbcea53a700c90fa6d77605f17d11d75f16ffd8",
      "warmup_steps": 55
    },
    {
      "accepted": false,
      "best_action": 225,
      "best_return": -1.3398216227469606,
      "best_reward_return": -0.008863128158976413,
      "noop_margin": 0.034273721038729166,
      "noop_return": -1.3740953437856898,
      "noop_reward_margin": 0.03314487350023951,
      "noop_reward_return": -0.04200800165921592,
      "opponent": "reactive-defense",
      "opponent_randomness": "deterministic-strategy",
      "parent_action": 1985,
      "parent_margin": 0.01465978996202022,
      "parent_return": -1.3544814127089808,
      "parent_reward_margin": 0.0021330702968429573,
      "parent_reward_return": -0.01099619845581937,
      "probe": "186_w055_reactive-defense_1198387.json",
      "probe_sha256": "7ff6107ee6b24726c278ba36ceec867348579b104e9add1dff60cdcaec1856ca",
      "seed": 1198387,
      "state_sha256": "c143b7c6c453f20c8b1af9cb0b4e865c4b62e491579e193a9f74bfaaa10f86b9",
      "warmup_steps": 55
    },
    {
      "accepted": false,
      "best_action": 225,
      "best_return": -1.3398216227469606,
      "best_reward_return": -0.008863128158976413,
      "noop_margin": 0.034273721038729166,
      "noop_return": -1.3740953437856898,
      "noop_reward_margin": 0.03314487350023951,
      "noop_reward_return": -0.04200800165921592,
      "opponent": "reactive-defense",
      "opponent_randomness": "deterministic-strategy",
      "parent_action": 1985,
      "parent_margin": 0.01465978996202022,
      "parent_return": -1.3544814127089808,
      "parent_reward_margin": 0.0021330702968429573,
      "parent_reward_return": -0.01099619845581937,
      "probe": "187_w055_reactive-defense_1198388.json",
      "probe_sha256": "d601fdbe892a83ae7b3b40c848e9a9294f1b8484237f0b085254263f0934ae0d",
      "seed": 1198388,
      "state_sha256": "e21434de47f7b6021ba095f716bf9ec99bf5480899521758bcddd37b933607c6",
      "warmup_steps": 55
    },
    {
      "accepted": false,
      "best_action": 1854,
      "best_return": -1.3898872397345554,
      "best_reward_return": -0.05833187229546156,
      "noop_margin": 0.02035249994079824,
      "noop_return": -1.4102397396753537,
      "noop_reward_margin": 0.008824408697311,
      "noop_reward_return": -0.06715628099277256,
      "opponent": "spell-control",
      "opponent_randomness": "deterministic-strategy",
      "parent_action": 1985,
      "parent_margin": 5.094611550116035e-05,
      "parent_return": -1.3899381858500566,
      "parent_reward_margin": 0.0,
      "parent_reward_return": -0.05833187229546156,
      "probe": "188_w055_spell-control_1198389.json",
      "probe_sha256": "be7a657e361bd1720b2d818e6b54cee95ea90ddaf4aa115a6261e1494c6c9e18",
      "seed": 1198389,
      "state_sha256": "98d95ea284f03b502cea04c4dfb0ea8a757339e0785512c29b68fecf63b84d36",
      "warmup_steps": 55
    },
    {
      "accepted": false,
      "best_action": 1854,
      "best_return": -1.3898872397345554,
      "best_reward_return": -0.05833187229546156,
      "noop_margin": 0.02035249994079824,
      "noop_return": -1.4102397396753537,
      "noop_reward_margin": 0.008824408697311,
      "noop_reward_return": -0.06715628099277256,
      "opponent": "spell-control",
      "opponent_randomness": "deterministic-strategy",
      "parent_action": 1985,
      "parent_margin": 5.094611550116035e-05,
      "parent_return": -1.3899381858500566,
      "parent_reward_margin": 0.0,
      "parent_reward_return": -0.05833187229546156,
      "probe": "189_w055_spell-control_1198390.json",
      "probe_sha256": "2f05dec4775a28d7a4509f155bd5f0e7926a70b0043b0359d9f94ea308ced4ce",
      "seed": 1198390,
      "state_sha256": "b17346e3420768b6803febfe8a24fc732d6e1fbdea3523eb6e1e146e40e1a13a",
      "warmup_steps": 55
    },
    {
      "accepted": false,
      "best_action": 267,
      "best_return": -1.2244841209976585,
      "best_reward_return": 0.1300266993680933,
      "noop_margin": 0.029623916454123655,
      "noop_return": -1.2541080374517821,
      "noop_reward_margin": 0.01837719151657853,
      "noop_reward_return": 0.11164950785151477,
      "opponent": "slow-push",
      "opponent_randomness": "deterministic-strategy",
      "parent_action": 1368,
      "parent_margin": 0.0169731453455908,
      "parent_return": -1.2414572663432493,
      "parent_reward_margin": 0.01636919077303202,
      "parent_reward_return": 0.11365750859506128,
      "probe": "190_w055_slow-push_1198391.json",
      "probe_sha256": "92f6ec0d7159a994b93d006f09570f1329e67d06325302f77c426a7081342835",
      "seed": 1198391,
      "state_sha256": "48ef65086dd8cbfff74baee9766370e3968e01e07a0e9d004ba37921907160d9",
      "warmup_steps": 55
    },
    {
      "accepted": false,
      "best_action": 1923,
      "best_return": -1.2386042556462253,
      "best_reward_return": 0.12083808528163369,
      "noop_margin": 0.015503781805556782,
      "noop_return": -1.2541080374517821,
      "noop_reward_margin": 0.009188577430118916,
      "noop_reward_return": 0.11164950785151477,
      "opponent": "slow-push",
      "opponent_randomness": "deterministic-strategy",
      "parent_action": 1368,
      "parent_margin": 0.0028530106970239277,
      "parent_return": -1.2414572663432493,
      "parent_reward_margin": 0.007180576686572404,
      "parent_reward_return": 0.11365750859506128,
      "probe": "191_w055_slow-push_1198392.json",
      "probe_sha256": "38d129302ecbd7d5da10f57095c006645979b5f276f0ed189f70e19d76627993",
      "seed": 1198392,
      "state_sha256": "98a86fcd1661d7bcc192543963c827d82ac67885a2d005dc5092703f5ed815ae",
      "warmup_steps": 55
    },
    {
      "accepted": false,
      "best_action": 1368,
      "best_return": -1.2421721736563833,
      "best_reward_return": 0.09588379128385159,
      "noop_margin": 0.047570520236632996,
      "noop_return": -1.2897426938930163,
      "noop_reward_margin": 0.05201445899208786,
      "noop_reward_return": 0.04386933229176373,
      "opponent": "split-lane",
      "opponent_randomness": "deterministic-strategy",
      "parent_action": 1368,
      "parent_margin": 0.0,
      "parent_return": -1.2421721736563833,
      "parent_reward_margin": 0.0,
      "parent_reward_return": 0.09588379128385159,
      "probe": "192_w055_split-lane_1198393.json",
      "probe_sha256": "7a6e65a9873acb8b5eaa19a66e3a7cf67a6b3562be5eaf700bc7019642b5915f",
      "seed": 1198393,
      "state_sha256": "0cdb39b5a5758fedcf4d9d7e8ce2ca6cfadcb22af75df979c88e2f51bcb28352",
      "warmup_steps": 55
    },
    {
      "accepted": false,
      "best_action": 1368,
      "best_return": -1.2421721736563833,
      "best_reward_return": 0.09588379128385159,
      "noop_margin": 0.047570520236632996,
      "noop_return": -1.2897426938930163,
      "noop_reward_margin": 0.05201445899208786,
      "noop_reward_return": 0.04386933229176373,
      "opponent": "split-lane",
      "opponent_randomness": "deterministic-strategy",
      "parent_action": 1368,
      "parent_margin": 0.0,
      "parent_return": -1.2421721736563833,
      "parent_reward_margin": 0.0,
      "parent_reward_return": 0.09588379128385159,
      "probe": "193_w055_split-lane_1198394.json",
      "probe_sha256": "c6f9c74ba3cf6e012a524fe13808292f29c0908fd5ef24806d14c72d67954b6e",
      "seed": 1198394,
      "state_sha256": "74854139d087369a0461d3bf80f842d8648e1ed206665d35ac76ed89f6b14593",
      "warmup_steps": 55
    },
    {
      "accepted": false,
      "best_action": 1854,
      "best_return": -1.3208004777082034,
      "best_reward_return": 0.007599929976548072,
      "noop_margin": 0.012207497689759261,
      "noop_return": -1.3330079753979627,
      "noop_reward_margin": 0.012032779994897248,
      "noop_reward_return": -0.004432850018349176,
      "opponent": "random",
      "opponent_randomness": "common-quantile-v1",
      "parent_action": 1944,
      "parent_margin": 0.012361393009613142,
      "parent_return": -1.3331618707178166,
      "parent_reward_margin": 0.012032779994897248,
      "parent_reward_return": -0.004432850018349176,
      "probe": "194_w055_random_1198395.json",
      "probe_sha256": "a918657176c473e42ebb3c766ecb38a3eaee7e9c927e62e391879eb21395ba10",
      "seed": 1198395,
      "state_sha256": "c0576aaf55fe08dc7b0fca56fec5bfbb5908f6f4300033c19c4bdd3fbf3eb07d",
      "warmup_steps": 55
    },
    {
      "accepted": true,
      "best_action": 208,
      "best_return": -1.1485040675200204,
      "best_reward_return": 0.17272678422996654,
      "noop_margin": 0.05530561086754893,
      "noop_return": -1.2038096783875694,
      "noop_reward_margin": 0.045177692221662125,
      "noop_reward_return": 0.12754909200830442,
      "opponent": "random",
      "opponent_randomness": "common-quantile-v1",
      "parent_action": 1944,
      "parent_margin": 0.053291056822502014,
      "parent_return": -1.2017951243425224,
      "parent_reward_margin": 0.04316969141138918,
      "parent_reward_return": 0.12955709281857736,
      "probe": "195_w055_random_1198396.json",
      "probe_sha256": "9487db94d223f60c7763f83f774ade69fe020d1266c1441fa1e0e2c5208af46e",
      "seed": 1198396,
      "state_sha256": "5e15b811ee2dbdcf883402c929a0398cf263a452db82cc860276f47c6f39b5c3",
      "warmup_steps": 55
    },
    {
      "accepted": false,
      "best_action": 1379,
      "best_return": -1.195432033335889,
      "best_reward_return": 0.14631921613553814,
      "noop_margin": -0.0006485118231216447,
      "noop_return": -1.1947835215127673,
      "noop_reward_margin": 0.004323913607655799,
      "noop_reward_return": 0.14199530252788234,
      "opponent": "balanced",
      "opponent_randomness": "deterministic-strategy",
      "parent_action": 2304,
      "parent_margin": -0.0006485118231216447,
      "parent_return": -1.1947835215127673,
      "parent_reward_margin": 0.004323913607655799,
      "parent_reward_return": 0.14199530252788234,
      "probe": "196_w056_balanced_1198397.json",
      "probe_sha256": "49683501767a9ec2866def38889ad93246a57b2c405a95710bae86447d2516a2",
      "seed": 1198397,
      "state_sha256": "43a20ff077d0908d70d0e11bc8b025f782d943e7f8ac84f192e22c259ee89e04",
      "warmup_steps": 56
    },
    {
      "accepted": false,
      "best_action": 1379,
      "best_return": -1.195432033335889,
      "best_reward_return": 0.14631921613553814,
      "noop_margin": -0.0006485118231216447,
      "noop_return": -1.1947835215127673,
      "noop_reward_margin": 0.004323913607655799,
      "noop_reward_return": 0.14199530252788234,
      "opponent": "balanced",
      "opponent_randomness": "deterministic-strategy",
      "parent_action": 2304,
      "parent_margin": -0.0006485118231216447,
      "parent_return": -1.1947835215127673,
      "parent_reward_margin": 0.004323913607655799,
      "parent_reward_return": 0.14199530252788234,
      "probe": "197_w056_balanced_1198398.json",
      "probe_sha256": "c5e60da545cfc820815dcdd4ecf90693ba5b91e83bf525eafb2301bf1e863d5d",
      "seed": 1198398,
      "state_sha256": "154a437c3ecf799aea6848a9b8c26309768399a10456b66002a86a1f7bb27be7",
      "warmup_steps": 56
    },
    {
      "accepted": false,
      "best_action": 1412,
      "best_return": -1.3219810068124107,
      "best_reward_return": 0.047042374749711034,
      "noop_margin": -0.005202332623362116,
      "noop_return": -1.3167786741890486,
      "noop_reward_margin": 0.001144158163254673,
      "noop_reward_return": 0.04589821658645636,
      "opponent": "bridge-pressure",
      "opponent_randomness": "deterministic-strategy",
      "parent_action": 2304,
      "parent_margin": -0.005202332623362116,
      "parent_return": -1.3167786741890486,
      "parent_reward_margin": 0.001144158163254673,
      "parent_reward_return": 0.04589821658645636,
      "probe": "198_w056_bridge-pressure_1198399.json",
      "probe_sha256": "cb2ce45a5e6668100af22ec4be9e5ca6f739b6ec79bb1e80450ea5e2434b5529",
      "seed": 1198399,
      "state_sha256": "d67ec23b4abd085a321e749094f312d08a287c962f1cc993b1237465e9dea867",
      "warmup_steps": 56
    },
    {
      "accepted": false,
      "best_action": 1205,
      "best_return": -1.3225009655743905,
      "best_reward_return": 0.046642593857699845,
      "noop_margin": -0.00572229138534186,
      "noop_return": -1.3167786741890486,
      "noop_reward_margin": 0.0007443772712434835,
      "noop_reward_return": 0.04589821658645636,
      "opponent": "bridge-pressure",
      "opponent_randomness": "deterministic-strategy",
      "parent_action": 2304,
      "parent_margin": -0.00572229138534186,
      "parent_return": -1.3167786741890486,
      "parent_reward_margin": 0.0007443772712434835,
      "parent_reward_return": 0.04589821658645636,
      "probe": "199_w056_bridge-pressure_1198400.json",
      "probe_sha256": "32d275c84e4a67cc870c9f08761ef533bb0b730fcbda7ea7137c74a89f71756e",
      "seed": 1198400,
      "state_sha256": "c71a7aaba76f794014eacd8ac228be750cd06b9458313421edcf75d9b3fbc3e1",
      "warmup_steps": 56
    },
    {
      "accepted": false,
      "best_action": 1278,
      "best_return": -1.3481370691497645,
      "best_reward_return": -0.004432850018349176,
      "noop_margin": 0.017974229335445013,
      "noop_return": -1.3661112984852095,
      "noop_reward_margin": 0.017556936256610325,
      "noop_reward_return": -0.0219897862749595,
      "opponent": "reactive-defense",
      "opponent_randomness": "deterministic-strategy",
      "parent_action": 2304,
      "parent_margin": 0.017974229335445013,
      "parent_return": -1.3661112984852095,
      "parent_reward_margin": 0.017556936256610325,
      "parent_reward_return": -0.0219897862749595,
      "probe": "200_w056_reactive-defense_1198401.json",
      "probe_sha256": "137105437a9693d5fc5bfd6ae814cb121261ae569da09af1b4b7b9d1c8fef909",
      "seed": 1198401,
      "state_sha256": "c5e85c86c260fa0bb4ee268eca9c2885724ca8cc1f94646294306f183b1c7e97",
      "warmup_steps": 56
    },
    {
      "accepted": false,
      "best_action": 1278,
      "best_return": -1.3481370691497645,
      "best_reward_return": -0.004432850018349176,
      "noop_margin": 0.017974229335445013,
      "noop_return": -1.3661112984852095,
      "noop_reward_margin": 0.017556936256610325,
      "noop_reward_return": -0.0219897862749595,
      "opponent": "reactive-defense",
      "opponent_randomness": "deterministic-strategy",
      "parent_action": 2304,
      "parent_margin": 0.017974229335445013,
      "parent_return": -1.3661112984852095,
      "parent_reward_margin": 0.017556936256610325,
      "parent_reward_return": -0.0219897862749595,
      "probe": "201_w056_reactive-defense_1198402.json",
      "probe_sha256": "2bcc17595fa215a60ba6960e1bd343c15993fb372a58c1ddd509f5da81306c57",
      "seed": 1198402,
      "state_sha256": "88168b75e24dccf152096f1d0635a13c145f2d106914f3498ff7a314455de56a",
      "warmup_steps": 56
    },
    {
      "accepted": true,
      "best_action": 1885,
      "best_return": -1.3440514229277636,
      "best_reward_return": -0.014138697772908035,
      "noop_margin": 0.046029771637743355,
      "noop_return": -1.390081194565507,
      "noop_reward_margin": 0.04419317474366161,
      "noop_reward_return": -0.05833187251656965,
      "opponent": "spell-control",
      "opponent_randomness": "deterministic-strategy",
      "parent_action": 2304,
      "parent_margin": 0.046029771637743355,
      "parent_return": -1.390081194565507,
      "parent_reward_margin": 0.04419317474366161,
      "parent_reward_return": -0.05833187251656965,
      "probe": "202_w056_spell-control_1198403.json",
      "probe_sha256": "902837158d6c2eef7c979fc1ea2d8d0415d62cd9a43814edc96da21bf43eef6b",
      "seed": 1198403,
      "state_sha256": "e9bbd139f6ab40a2fc645b50502049267f0a4650eefbcf51a548dae68895c21e",
      "warmup_steps": 56
    },
    {
      "accepted": true,
      "best_action": 1295,
      "best_return": -1.3533064678784346,
      "best_reward_return": -0.025187003710284664,
      "noop_margin": 0.03677472668707238,
      "noop_return": -1.390081194565507,
      "noop_reward_margin": 0.033144868806284984,
      "noop_reward_return": -0.05833187251656965,
      "opponent": "spell-control",
      "opponent_randomness": "deterministic-strategy",
      "parent_action": 2304,
      "parent_margin": 0.03677472668707238,
      "parent_return": -1.390081194565507,
      "parent_reward_margin": 0.033144868806284984,
      "parent_reward_return": -0.05833187251656965,
      "probe": "203_w056_spell-control_1198404.json",
      "probe_sha256": "062c6081953afda924dba2b2f7d549ebf296cb93cb0e5bf98708ede698db6b29",
      "seed": 1198404,
      "state_sha256": "0a6e8b01afe7a1471375285e04823af5d8a0570057279288c2644cf26361af4d",
      "warmup_steps": 56
    },
    {
      "accepted": false,
      "best_action": 1944,
      "best_return": -1.2417074403846817,
      "best_reward_return": 0.11365752014572668,
      "noop_margin": -2.6839660718813718e-05,
      "noop_return": -1.241680600723963,
      "noop_reward_margin": 7.462387707768414e-09,
      "noop_reward_return": 0.11365751268333897,
      "opponent": "slow-push",
      "opponent_randomness": "deterministic-strategy",
      "parent_action": 2304,
      "parent_margin": -2.6839660718813718e-05,
      "parent_return": -1.241680600723963,
      "parent_reward_margin": 7.462387707768414e-09,
      "parent_reward_return": 0.11365751268333897,
      "probe": "204_w056_slow-push_1198405.json",
      "probe_sha256": "754517f0790012bae99142f75c8127f93aac9da95558e4d38611d18479ad1e64",
      "seed": 1198405,
      "state_sha256": "d8f5a005a197e2c0380f38b78c9d1843cf88777bc29e453273693838cc6b705d",
      "warmup_steps": 56
    },
    {
      "accepted": false,
      "best_action": 1944,
      "best_return": -1.2417074403846817,
      "best_reward_return": 0.11365752014572668,
      "noop_margin": -2.6839660718813718e-05,
      "noop_return": -1.241680600723963,
      "noop_reward_margin": 7.462387707768414e-09,
      "noop_reward_return": 0.11365751268333897,
      "opponent": "slow-push",
      "opponent_randomness": "deterministic-strategy",
      "parent_action": 2304,
      "parent_margin": -2.6839660718813718e-05,
      "parent_return": -1.241680600723963,
      "parent_reward_margin": 7.462387707768414e-09,
      "parent_reward_return": 0.11365751268333897,
      "probe": "205_w056_slow-push_1198406.json",
      "probe_sha256": "6be44f9207bd829ce045ed41b121d61a57c8eaf33da5eb26357d0c4d8d868345",
      "seed": 1198406,
      "state_sha256": "cb100877bf7ad011c9010b6b3b002db3d54d727d395f794da7c57f8fac8d6764",
      "warmup_steps": 56
    },
    {
      "accepted": false,
      "best_action": 1944,
      "best_return": -1.2255070118100881,
      "best_reward_return": 0.11717934198465546,
      "noop_margin": -0.00034208172337213405,
      "noop_return": -1.225164930086716,
      "noop_reward_margin": 0.004430258652128399,
      "noop_reward_return": 0.11274908333252706,
      "opponent": "split-lane",
      "opponent_randomness": "deterministic-strategy",
      "parent_action": 2304,
      "parent_margin": -0.00034208172337213405,
      "parent_return": -1.225164930086716,
      "parent_reward_margin": 0.004430258652128399,
      "parent_reward_return": 0.11274908333252706,
      "probe": "206_w056_split-lane_1198407.json",
      "probe_sha256": "ea0c530e2e7a677bf010ac9e8aa8047480775eefc47f2027bdfd8b38ea853334",
      "seed": 1198407,
      "state_sha256": "5f8239fd6d748dfdc94a628fe4354f5600bf60ec48504add694a3e6967c60539",
      "warmup_steps": 56
    },
    {
      "accepted": false,
      "best_action": 1944,
      "best_return": -1.2255070118100881,
      "best_reward_return": 0.11717934198465546,
      "noop_margin": -0.00034208172337213405,
      "noop_return": -1.225164930086716,
      "noop_reward_margin": 0.004430258652128399,
      "noop_reward_return": 0.11274908333252706,
      "opponent": "split-lane",
      "opponent_randomness": "deterministic-strategy",
      "parent_action": 2304,
      "parent_margin": -0.00034208172337213405,
      "parent_return": -1.225164930086716,
      "parent_reward_margin": 0.004430258652128399,
      "parent_reward_return": 0.11274908333252706,
      "probe": "207_w056_split-lane_1198408.json",
      "probe_sha256": "44b8cb053112ed20774b10c1ad289832485f870f66772a560a3b3aaa84e81037",
      "seed": 1198408,
      "state_sha256": "278828d65295f809cb9b5f08f64935759b0ebe8039a577f6815c368285c6f8c7",
      "warmup_steps": 56
    },
    {
      "accepted": false,
      "best_action": 1397,
      "best_return": -1.268967738346581,
      "best_reward_return": 0.06229960385446214,
      "noop_margin": 0.003876449763492884,
      "noop_return": -1.2728441881100738,
      "noop_reward_margin": 0.0,
      "noop_reward_return": 0.06229960385446214,
      "opponent": "random",
      "opponent_randomness": "common-quantile-v1",
      "parent_action": 2304,
      "parent_margin": 0.003876449763492884,
      "parent_return": -1.2728441881100738,
      "parent_reward_margin": 0.0,
      "parent_reward_return": 0.06229960385446214,
      "probe": "208_w056_random_1198409.json",
      "probe_sha256": "ce05bac88a7a604ea3b7e69b041e3d103c95077f0671862bc9f7499fc7f0d3da",
      "seed": 1198409,
      "state_sha256": "8039236bb8fe87ca33259defa6219e6e4bb82302e0315440e58b395a49fbb12c",
      "warmup_steps": 56
    },
    {
      "accepted": false,
      "best_action": 2304,
      "best_return": -1.5677470181732582,
      "best_reward_return": -0.21141915492041166,
      "noop_margin": 0.0,
      "noop_return": -1.5677470181732582,
      "noop_reward_margin": 0.0,
      "noop_reward_return": -0.21141915492041166,
      "opponent": "random",
      "opponent_randomness": "common-quantile-v1",
      "parent_action": 2304,
      "parent_margin": 0.0,
      "parent_return": -1.5677470181732582,
      "parent_reward_margin": 0.0,
      "parent_reward_return": -0.21141915492041166,
      "probe": "209_w056_random_1198410.json",
      "probe_sha256": "a0b17cb311d73e4194f30d2e98a23684735e8b2775d9af7606ef540e0645911f",
      "seed": 1198410,
      "state_sha256": "f1cc5cc57dcc6dee36ff4aaabd0eabc4700c48bceab60a355d6f534e465eb817",
      "warmup_steps": 56
    },
    {
      "accepted": false,
      "best_action": 1036,
      "best_return": -1.1663543251968786,
      "best_reward_return": 0.1729540474665363,
      "noop_margin": 0.003775614505841407,
      "noop_return": -1.17012993970272,
      "noop_reward_margin": 0.0,
      "noop_reward_return": 0.1729540474665363,
      "opponent": "balanced",
      "opponent_randomness": "deterministic-strategy",
      "parent_action": 2304,
      "parent_margin": 0.003775614505841407,
      "parent_return": -1.17012993970272,
      "parent_reward_margin": 0.0,
      "parent_reward_return": 0.1729540474665363,
      "probe": "210_w068_balanced_1198411.json",
      "probe_sha256": "09552d660a53631c8dae438b5658cb9b7419f588f72251ab32787857f2c98e3e",
      "seed": 1198411,
      "state_sha256": "cec4d3262d7dfff3636193eb85160f8dcf9007fce5cb711a00f419bcd0c46cc9",
      "warmup_steps": 68
    },
    {
      "accepted": false,
      "best_action": 803,
      "best_return": -1.1663543251968786,
      "best_reward_return": 0.1729540474665363,
      "noop_margin": 0.003775614505841407,
      "noop_return": -1.17012993970272,
      "noop_reward_margin": 0.0,
      "noop_reward_return": 0.1729540474665363,
      "opponent": "balanced",
      "opponent_randomness": "deterministic-strategy",
      "parent_action": 2304,
      "parent_margin": 0.003775614505841407,
      "parent_return": -1.17012993970272,
      "parent_reward_margin": 0.0,
      "parent_reward_return": 0.1729540474665363,
      "probe": "211_w068_balanced_1198412.json",
      "probe_sha256": "5e5764cc25499fa628e2b06e908a4b76aeb6c6b4b7c6dc1cd6ffc5c72667d82b",
      "seed": 1198412,
      "state_sha256": "0af2c76a8b56f8f75fed02e694a3239b7ad147589e7259f4eb9c1769bcecc152",
      "warmup_steps": 68
    },
    {
      "accepted": false,
      "best_action": 134,
      "best_return": -1.1182481443878478,
      "best_reward_return": 0.23360512788237547,
      "noop_margin": 0.01931683819293939,
      "noop_return": -1.1375649825807872,
      "noop_reward_margin": 0.007862735083997624,
      "noop_reward_return": 0.22574239279837785,
      "opponent": "bridge-pressure",
      "opponent_randomness": "deterministic-strategy",
      "parent_action": 2304,
      "parent_margin": 0.01931683819293939,
      "parent_return": -1.1375649825807872,
      "parent_reward_margin": 0.007862735083997624,
      "parent_reward_return": 0.22574239279837785,
      "probe": "212_w068_bridge-pressure_1198413.json",
      "probe_sha256": "c6d96bfdb585e54df9be79e10f86df02bf138fc50b145b285eed108fcfcf9abc",
      "seed": 1198413,
      "state_sha256": "068c9dca198946dac1a036cba226fb3e4cfbaa15388b832470383cbde8852367",
      "warmup_steps": 68
    },
    {
      "accepted": false,
      "best_action": 134,
      "best_return": -1.1182481443878478,
      "best_reward_return": 0.23360512788237547,
      "noop_margin": 0.01931683819293939,
      "noop_return": -1.1375649825807872,
      "noop_reward_margin": 0.007862735083997624,
      "noop_reward_return": 0.22574239279837785,
      "opponent": "bridge-pressure",
      "opponent_randomness": "deterministic-strategy",
      "parent_action": 2304,
      "parent_margin": 0.01931683819293939,
      "parent_return": -1.1375649825807872,
      "parent_reward_margin": 0.007862735083997624,
      "parent_reward_return": 0.22574239279837785,
      "probe": "213_w068_bridge-pressure_1198414.json",
      "probe_sha256": "efd41df5e3129c842b44149d1beebfed451d709f1c2f8a4713c147235bc9748c",
      "seed": 1198414,
      "state_sha256": "1a18aff131a1f6c77a2dcaeb3970b0465da874ee38910047d25f7b1c8bcb35fe",
      "warmup_steps": 68
    },
    {
      "accepted": true,
      "best_action": 134,
      "best_return": -1.3731193844046796,
      "best_reward_return": -0.03971082558989849,
      "noop_margin": 0.04856864747700351,
      "noop_return": -1.4216880318816831,
      "noop_reward_margin": 0.03068360141072824,
      "noop_reward_return": -0.07039442700062673,
      "opponent": "reactive-defense",
      "opponent_randomness": "deterministic-strategy",
      "parent_action": 2304,
      "parent_margin": 0.04856864747700351,
      "parent_return": -1.4216880318816831,
      "parent_reward_margin": 0.03068360141072824,
      "parent_reward_return": -0.07039442700062673,
      "probe": "214_w068_reactive-defense_1198415.json",
      "probe_sha256": "a987e8d38f97ffb5025d50bc2b54cc89029656a31e46617f891332b25e58f23e",
      "seed": 1198415,
      "state_sha256": "b059d35558181b324fd1a6dc85871a3c8f483058c78515bc259f63089786bfb3",
      "warmup_steps": 68
    },
    {
      "accepted": true,
      "best_action": 134,
      "best_return": -1.3731193844046796,
      "best_reward_return": -0.03971082558989849,
      "noop_margin": 0.04856864747700351,
      "noop_return": -1.4216880318816831,
      "noop_reward_margin": 0.03068360141072824,
      "noop_reward_return": -0.07039442700062673,
      "opponent": "reactive-defense",
      "opponent_randomness": "deterministic-strategy",
      "parent_action": 2304,
      "parent_margin": 0.04856864747700351,
      "parent_return": -1.4216880318816831,
      "parent_reward_margin": 0.03068360141072824,
      "parent_reward_return": -0.07039442700062673,
      "probe": "215_w068_reactive-defense_1198416.json",
      "probe_sha256": "2a9d3043484782ed1ddfc1240e81646f7d0d53f7d5044d54bf153dd738698090",
      "seed": 1198416,
      "state_sha256": "86bf957412b0bbd66ec3adddfcd0e1eb61a462522b848fb4c2c8188c40c533f2",
      "warmup_steps": 68
    },
    {
      "accepted": false,
      "best_action": 1368,
      "best_return": -1.314400015608077,
      "best_reward_return": 0.015248149117111587,
      "noop_margin": 0.01153790943022348,
      "noop_return": -1.3259379250383005,
      "noop_reward_margin": 0.012032784352995634,
      "noop_reward_return": 0.003215364764115953,
      "opponent": "spell-control",
      "opponent_randomness": "deterministic-strategy",
      "parent_action": 2304,
      "parent_margin": 0.01153790943022348,
      "parent_return": -1.3259379250383005,
      "parent_reward_margin": 0.012032784352995634,
      "parent_reward_return": 0.003215364764115953,
      "probe": "216_w068_spell-control_1198417.json",
      "probe_sha256": "6d77f7823ac1314de805750f18fbbb3bb8ec3c8fc03fd9e1d57c5aa325a53b82",
      "seed": 1198417,
      "state_sha256": "4d70bc23b3719f82fcf57dc2ce896002cb493db8db3eb854c9cf5aaa7ededcfc",
      "warmup_steps": 68
    },
    {
      "accepted": false,
      "best_action": 1418,
      "best_return": -1.31540614743123,
      "best_reward_return": 0.015248150226438498,
      "noop_margin": 0.01053177760707058,
      "noop_return": -1.3259379250383005,
      "noop_reward_margin": 0.012032785462322546,
      "noop_reward_return": 0.003215364764115953,
      "opponent": "spell-control",
      "opponent_randomness": "deterministic-strategy",
      "parent_action": 2304,
      "parent_margin": 0.01053177760707058,
      "parent_return": -1.3259379250383005,
      "parent_reward_margin": 0.012032785462322546,
      "parent_reward_return": 0.003215364764115953,
      "probe": "217_w068_spell-control_1198418.json",
      "probe_sha256": "43acb6526fe2dbfc2485937eda7bc3edb5cc979c0134414d30025f76cf83daaf",
      "seed": 1198418,
      "state_sha256": "41466a5c3c87ea7c7b90c4053b75b163c01639d2855932625f1cbeb8c2bc05ea",
      "warmup_steps": 68
    },
    {
      "accepted": false,
      "best_action": 2304,
      "best_return": -1.3784077913158859,
      "best_reward_return": -0.03307847565785277,
      "noop_margin": 0.0,
      "noop_return": -1.3784077913158859,
      "noop_reward_margin": 0.0,
      "noop_reward_return": -0.03307847565785277,
      "opponent": "slow-push",
      "opponent_randomness": "deterministic-strategy",
      "parent_action": 2304,
      "parent_margin": 0.0,
      "parent_return": -1.3784077913158859,
      "parent_reward_margin": 0.0,
      "parent_reward_return": -0.03307847565785277,
      "probe": "218_w068_slow-push_1198419.json",
      "probe_sha256": "2cfba96a8d31d017a95a897f7245d57a707995528f9d917c29ced580339e29ba",
      "seed": 1198419,
      "state_sha256": "fa94e24135224abfdcf8c61d2e98729ec7899bf03c93861eb59bab6fea4412e1",
      "warmup_steps": 68
    },
    {
      "accepted": false,
      "best_action": 2304,
      "best_return": -1.3784077913158859,
      "best_reward_return": -0.03307847565785277,
      "noop_margin": 0.0,
      "noop_return": -1.3784077913158859,
      "noop_reward_margin": 0.0,
      "noop_reward_return": -0.03307847565785277,
      "opponent": "slow-push",
      "opponent_randomness": "deterministic-strategy",
      "parent_action": 2304,
      "parent_margin": 0.0,
      "parent_return": -1.3784077913158859,
      "parent_reward_margin": 0.0,
      "parent_reward_return": -0.03307847565785277,
      "probe": "219_w068_slow-push_1198420.json",
      "probe_sha256": "9fae1b59aa4df1521d703ff24db450411470526cf8b7e82507a3257608edba84",
      "seed": 1198420,
      "state_sha256": "a6c3c8c7e8d757f2f483e9cfbf408b505726679fce098c948a7e66c193b216a1",
      "warmup_steps": 68
    },
    {
      "accepted": false,
      "best_action": 1099,
      "best_return": -1.0454518814481437,
      "best_reward_return": 0.29164128646698806,
      "noop_margin": 0.0035921239321692333,
      "noop_return": -1.049044005380313,
      "noop_reward_margin": 0.0,
      "noop_reward_return": 0.29164128646698806,
      "opponent": "split-lane",
      "opponent_randomness": "deterministic-strategy",
      "parent_action": 2304,
      "parent_margin": 0.0035921239321692333,
      "parent_return": -1.049044005380313,
      "parent_reward_margin": 0.0,
      "parent_reward_return": 0.29164128646698806,
      "probe": "220_w068_split-lane_1198421.json",
      "probe_sha256": "632e884557c7dccfede06c65fc88681c02746987b3b9988e37ba49d0d5f06bd0",
      "seed": 1198421,
      "state_sha256": "e137d4c105ce5750f23f5c38eaf5222d89e5403ac2ccd479e73b913cdc6a2271",
      "warmup_steps": 68
    },
    {
      "accepted": false,
      "best_action": 803,
      "best_return": -1.0454518814481437,
      "best_reward_return": 0.29164128646698806,
      "noop_margin": 0.0035921239321692333,
      "noop_return": -1.049044005380313,
      "noop_reward_margin": 0.0,
      "noop_reward_return": 0.29164128646698806,
      "opponent": "split-lane",
      "opponent_randomness": "deterministic-strategy",
      "parent_action": 2304,
      "parent_margin": 0.0035921239321692333,
      "parent_return": -1.049044005380313,
      "parent_reward_margin": 0.0,
      "parent_reward_return": 0.29164128646698806,
      "probe": "221_w068_split-lane_1198422.json",
      "probe_sha256": "a598f23dea235bf09fb6a35f694139421bbe4ba2bdf7781085770996e31bde5a",
      "seed": 1198422,
      "state_sha256": "0988e425e861aadc0872c0f47383a230501b36362a24c9acda96e2465607ceff",
      "warmup_steps": 68
    },
    {
      "accepted": false,
      "best_action": 209,
      "best_return": -1.3101770923302059,
      "best_reward_return": 0.006058397667294463,
      "noop_margin": 0.007565920941256854,
      "noop_return": -1.3177430132714627,
      "noop_reward_margin": 0.0,
      "noop_reward_return": 0.006058397667294463,
      "opponent": "random",
      "opponent_randomness": "common-quantile-v1",
      "parent_action": 2304,
      "parent_margin": 0.007565920941256854,
      "parent_return": -1.3177430132714627,
      "parent_reward_margin": 0.0,
      "parent_reward_return": 0.006058397667294463,
      "probe": "222_w068_random_1198423.json",
      "probe_sha256": "d1b91106806ca5f42c6209553ec8327646c58150c1d84e8ae7003b85c3294783",
      "seed": 1198423,
      "state_sha256": "f8d93227b339f7d922309085afe5f905bef5dad0aa5a0f8846548ed863ad9f41",
      "warmup_steps": 68
    },
    {
      "accepted": false,
      "best_action": 1368,
      "best_return": -1.2911877250654835,
      "best_reward_return": 0.05728788316541642,
      "noop_margin": 0.0057299582311851616,
      "noop_return": -1.2969176832966687,
      "noop_reward_margin": 0.0,
      "noop_reward_return": 0.05728788316541642,
      "opponent": "random",
      "opponent_randomness": "common-quantile-v1",
      "parent_action": 2304,
      "parent_margin": 0.0057299582311851616,
      "parent_return": -1.2969176832966687,
      "parent_reward_margin": 0.0,
      "parent_reward_return": 0.05728788316541642,
      "probe": "223_w068_random_1198424.json",
      "probe_sha256": "d9f8dcb498b5d0b7677d822193f42b7f0ce20e3df8e94784c381136a64a42228",
      "seed": 1198424,
      "state_sha256": "d5e9658b22eff2a27321110695f22996690cb8e11821aa27eea0ca422847aacb",
      "warmup_steps": 68
    },
    {
      "accepted": false,
      "best_action": 2304,
      "best_return": -1.2018662956105424,
      "best_reward_return": 0.15956812299127865,
      "noop_margin": 0.0,
      "noop_return": -1.2018662956105424,
      "noop_reward_margin": 0.0,
      "noop_reward_return": 0.15956812299127865,
      "opponent": "balanced",
      "opponent_randomness": "deterministic-strategy",
      "parent_action": 1944,
      "parent_margin": 0.0027532041837619037,
      "parent_return": -1.2046194997943043,
      "parent_reward_margin": 0.0,
      "parent_reward_return": 0.15956812299127865,
      "probe": "224_w069_balanced_1198425.json",
      "probe_sha256": "da32744207a027328383716c3b3ce34e5b929af9622394be0763f7c798c94517",
      "seed": 1198425,
      "state_sha256": "8096cefc58ee9f24186a5ebc71a8a4d379a809679b80473dce4ab1bf3dac5b99",
      "warmup_steps": 69
    },
    {
      "accepted": false,
      "best_action": 2304,
      "best_return": -1.2018662956105424,
      "best_reward_return": 0.15956812299127865,
      "noop_margin": 0.0,
      "noop_return": -1.2018662956105424,
      "noop_reward_margin": 0.0,
      "noop_reward_return": 0.15956812299127865,
      "opponent": "balanced",
      "opponent_randomness": "deterministic-strategy",
      "parent_action": 1944,
      "parent_margin": 0.0027532041837619037,
      "parent_return": -1.2046194997943043,
      "parent_reward_margin": 0.0,
      "parent_reward_return": 0.15956812299127865,
      "probe": "225_w069_balanced_1198426.json",
      "probe_sha256": "5cdbe19592431351151a263bc2000e07afddb9a5413fdb11707d05066ff75199",
      "seed": 1198426,
      "state_sha256": "8b22fb613226e2bbf521d0b45b2d48a7ea3eed31bcceb680ee658662e94134b7",
      "warmup_steps": 69
    },
    {
      "accepted": false,
      "best_action": 209,
      "best_return": -1.110735509863254,
      "best_reward_return": 0.2335453939282735,
      "noop_margin": 0.021033977969257656,
      "noop_return": -1.1317694878325117,
      "noop_reward_margin": 0.006346381986020583,
      "noop_reward_return": 0.22719901194225292,
      "opponent": "bridge-pressure",
      "opponent_randomness": "deterministic-strategy",
      "parent_action": 1368,
      "parent_margin": 0.024736164562986884,
      "parent_return": -1.135471674426241,
      "parent_reward_margin": 0.005349265062779107,
      "parent_reward_return": 0.2281961288654944,
      "probe": "226_w069_bridge-pressure_1198427.json",
      "probe_sha256": "3c6df98ac8cd8102ca9eb013d8c2c0f5b87792dfffc5ed55b912a2653cbd512e",
      "seed": 1198427,
      "state_sha256": "93d0fed8b7f378ba347cce627a2bf2970088d5006209149e1d9f1f579058c761",
      "warmup_steps": 69
    },
    {
      "accepted": false,
      "best_action": 209,
      "best_return": -1.110735509863254,
      "best_reward_return": 0.2335453939282735,
      "noop_margin": 0.021033977969257656,
      "noop_return": -1.1317694878325117,
      "noop_reward_margin": 0.006346381986020583,
      "noop_reward_return": 0.22719901194225292,
      "opponent": "bridge-pressure",
      "opponent_randomness": "deterministic-strategy",
      "parent_action": 1368,
      "parent_margin": 0.024736164562986884,
      "parent_return": -1.135471674426241,
      "parent_reward_margin": 0.005349265062779107,
      "parent_reward_return": 0.2281961288654944,
      "probe": "227_w069_bridge-pressure_1198428.json",
      "probe_sha256": "1941d9c8394a21f366d749ac957e67aa5b0a23156d5e7e99c2c95bdf34efe57a",
      "seed": 1198428,
      "state_sha256": "043e99fc6b637347e0817d2529d53ff73ded0941d636e61c40d179394bade568",
      "warmup_steps": 69
    },
    {
      "accepted": false,
      "best_action": 1368,
      "best_return": -1.423150628941761,
      "best_reward_return": -0.07482468813731238,
      "noop_margin": 0.007774594081046082,
      "noop_return": -1.4309252230228071,
      "noop_reward_margin": 0.017721030402627208,
      "noop_reward_return": -0.09254571853993959,
      "opponent": "reactive-defense",
      "opponent_randomness": "deterministic-strategy",
      "parent_action": 1368,
      "parent_margin": 0.0,
      "parent_return": -1.423150628941761,
      "parent_reward_margin": 0.0,
      "parent_reward_return": -0.07482468813731238,
      "probe": "228_w069_reactive-defense_1198429.json",
      "probe_sha256": "186b4f6f31ffeb60b2d60b64fdf86116d71f4d199da4d22ef32b34380853f2ac",
      "seed": 1198429,
      "state_sha256": "7ebb393c6be73ce0781d07eae62dc339a5eced0910e865075d8ed7f34b37677a",
      "warmup_steps": 69
    },
    {
      "accepted": false,
      "best_action": 1368,
      "best_return": -1.423150628941761,
      "best_reward_return": -0.07482468813731238,
      "noop_margin": 0.007774594081046082,
      "noop_return": -1.4309252230228071,
      "noop_reward_margin": 0.017721030402627208,
      "noop_reward_return": -0.09254571853993959,
      "opponent": "reactive-defense",
      "opponent_randomness": "deterministic-strategy",
      "parent_action": 1368,
      "parent_margin": 0.0,
      "parent_return": -1.423150628941761,
      "parent_reward_margin": 0.0,
      "parent_reward_return": -0.07482468813731238,
      "probe": "229_w069_reactive-defense_1198430.json",
      "probe_sha256": "5774080fd23ff5f02845de9c3c5cb06253245ef16b6b9351adb9c3e74fadff39",
      "seed": 1198430,
      "state_sha256": "c13a21c738b27a9ca39a387c9470060bd64f50a2a174490b321b94d9d2972421",
      "warmup_steps": 69
    },
    {
      "accepted": false,
      "best_action": 226,
      "best_return": -1.2938562446518984,
      "best_reward_return": 0.027708822071562673,
      "noop_margin": 0.01894961862293898,
      "noop_return": -1.3128058632748374,
      "noop_reward_margin": 0.012032785016313469,
      "noop_reward_return": 0.015676037055249205,
      "opponent": "spell-control",
      "opponent_randomness": "deterministic-strategy",
      "parent_action": 1368,
      "parent_margin": 0.01824113050928511,
      "parent_return": -1.3120973751611835,
      "parent_reward_margin": 0.012032786139597601,
      "parent_reward_return": 0.015676035931965072,
      "probe": "230_w069_spell-control_1198431.json",
      "probe_sha256": "124339faaa37600b34caaca68892c3c6ebd93a7d19719248e4b67ff48c752173",
      "seed": 1198431,
      "state_sha256": "ca798e017878119acd7a52c2d79c62acd8bb27f2a9b6f6e4f6bb4670ebfa2913",
      "warmup_steps": 69
    },
    {
      "accepted": false,
      "best_action": 226,
      "best_return": -1.2938562446518984,
      "best_reward_return": 0.027708822071562673,
      "noop_margin": 0.01894961862293898,
      "noop_return": -1.3128058632748374,
      "noop_reward_margin": 0.012032785016313469,
      "noop_reward_return": 0.015676037055249205,
      "opponent": "spell-control",
      "opponent_randomness": "deterministic-strategy",
      "parent_action": 1368,
      "parent_margin": 0.01824113050928511,
      "parent_return": -1.3120973751611835,
      "parent_reward_margin": 0.012032786139597601,
      "parent_reward_return": 0.015676035931965072,
      "probe": "231_w069_spell-control_1198432.json",
      "probe_sha256": "880745dd638e8b33319a681922f3e7c4b717c8f05fc14c50f3d4ef499fc5a704",
      "seed": 1198432,
      "state_sha256": "a8cccc782b6779bd91e84639fa63f2afb5f50f722f8a3d06cdd7a1505de16a96",
      "warmup_steps": 69
    },
    {
      "accepted": false,
      "best_action": 209,
      "best_return": -1.3745199262382386,
      "best_reward_return": -0.03307847565588578,
      "noop_margin": 0.033761218763462164,
      "noop_return": -1.4082811450017008,
      "noop_reward_margin": 0.019239884688281396,
      "noop_reward_return": -0.052318360344167175,
      "opponent": "slow-push",
      "opponent_randomness": "deterministic-strategy",
      "parent_action": 209,
      "parent_margin": 0.0,
      "parent_return": -1.3745199262382386,
      "parent_reward_margin": 0.0,
      "parent_reward_return": -0.03307847565588578,
      "probe": "232_w069_slow-push_1198433.json",
      "probe_sha256": "0d0ba58f9bc5ea88790d1a0fc8fc0ca6c85629b611706593fa657345263b80aa",
      "seed": 1198433,
      "state_sha256": "d327830be055903d73ed2f77bc97df84850c209b36bc76eafc5f4e35df3305c6",
      "warmup_steps": 69
    },
    {
      "accepted": false,
      "best_action": 209,
      "best_return": -1.3745199262382386,
      "best_reward_return": -0.03307847565588578,
      "noop_margin": 0.033761218763462164,
      "noop_return": -1.4082811450017008,
      "noop_reward_margin": 0.019239884688281396,
      "noop_reward_return": -0.052318360344167175,
      "opponent": "slow-push",
      "opponent_randomness": "deterministic-strategy",
      "parent_action": 209,
      "parent_margin": 0.0,
      "parent_return": -1.3745199262382386,
      "parent_reward_margin": 0.0,
      "parent_reward_return": -0.03307847565588578,
      "probe": "233_w069_slow-push_1198434.json",
      "probe_sha256": "dfd01d25db8a8b756b5068fbf37247ceb71e8f1fef111b9addbae9c9b68ca037",
      "seed": 1198434,
      "state_sha256": "77cf054a8f2d5ef1c3093a5cb5bc0dedb30c09d8212b7d94a5d367dad2cb95b8",
      "warmup_steps": 69
    },
    {
      "accepted": false,
      "best_action": 2304,
      "best_return": -1.0660366416493987,
      "best_reward_return": 0.29164129366422764,
      "noop_margin": 0.0,
      "noop_return": -1.0660366416493987,
      "noop_reward_margin": 0.0,
      "noop_reward_return": 0.29164129366422764,
      "opponent": "split-lane",
      "opponent_randomness": "deterministic-strategy",
      "parent_action": 1944,
      "parent_margin": 0.002370896922833321,
      "parent_return": -1.068407538572232,
      "parent_reward_margin": 0.0,
      "parent_reward_return": 0.29164129366422764,
      "probe": "234_w069_split-lane_1198435.json",
      "probe_sha256": "49725eaab5dc6b4e54389a7b20b0796723c3852b87ec821226a412d835420958",
      "seed": 1198435,
      "state_sha256": "c8939247724d8b1f0a5dd750d64104c4a485a415258ee24c12dabfbc52cd08d3",
      "warmup_steps": 69
    },
    {
      "accepted": false,
      "best_action": 2304,
      "best_return": -1.0660366416493987,
      "best_reward_return": 0.29164129366422764,
      "noop_margin": 0.0,
      "noop_return": -1.0660366416493987,
      "noop_reward_margin": 0.0,
      "noop_reward_return": 0.29164129366422764,
      "opponent": "split-lane",
      "opponent_randomness": "deterministic-strategy",
      "parent_action": 1944,
      "parent_margin": 0.002370896922833321,
      "parent_return": -1.068407538572232,
      "parent_reward_margin": 0.0,
      "parent_reward_return": 0.29164129366422764,
      "probe": "235_w069_split-lane_1198436.json",
      "probe_sha256": "8e8537aaee81327c4a4fb6a76bac4f720ceab1071851e8616ae6c7e97589eb76",
      "seed": 1198436,
      "state_sha256": "a592b9cef34f19e5e2d3c6877f916c364a948552f6752ddbde92a4bf47d647e5",
      "warmup_steps": 69
    },
    {
      "accepted": false,
      "best_action": 804,
      "best_return": -1.334704310993052,
      "best_reward_return": 0.01817718495267934,
      "noop_margin": 0.011577557596297305,
      "noop_return": -1.3462818685893494,
      "noop_reward_margin": 0.0,
      "noop_reward_return": 0.01817718495267934,
      "opponent": "random",
      "opponent_randomness": "common-quantile-v1",
      "parent_action": 18,
      "parent_margin": 0.0015256353343218176,
      "parent_return": -1.336229946327374,
      "parent_reward_margin": 0.0,
      "parent_reward_return": 0.01817718495267934,
      "probe": "236_w069_random_1198437.json",
      "probe_sha256": "78a0f2fc7075a5b5db2c8295f4e5b483f88ba3f313535aeb708493a0417240be",
      "seed": 1198437,
      "state_sha256": "41df25f66f5ee6369ff133818c4fa37ebedaf8355e685437f5b1f46de7f7cead",
      "warmup_steps": 69
    },
    {
      "accepted": true,
      "best_action": 1746,
      "best_return": -1.261328595114045,
      "best_reward_return": 0.07392871578835025,
      "noop_margin": 0.014734759060336833,
      "noop_return": -1.2760633541743818,
      "noop_reward_margin": 0.022096578447583767,
      "noop_reward_return": 0.051832137340766485,
      "opponent": "random",
      "opponent_randomness": "common-quantile-v1",
      "parent_action": 1763,
      "parent_margin": 0.022940254576069297,
      "parent_return": -1.2842688496901142,
      "parent_reward_margin": 0.022096578447583767,
      "parent_reward_return": 0.051832137340766485,
      "probe": "237_w069_random_1198438.json",
      "probe_sha256": "38f3c9c64133defab8fed0b46c3090e07e43a4d77ec712058813df6c9f786257",
      "seed": 1198438,
      "state_sha256": "4dd322361264b4ea9a9aee5e5a9542d21d16f4c2c5240560cfbf282c0329619c",
      "warmup_steps": 69
    },
    {
      "accepted": false,
      "best_action": 134,
      "best_return": -1.110148504792217,
      "best_reward_return": 0.25002589587829926,
      "noop_margin": 0.003300716379396329,
      "noop_return": -1.1134492211716134,
      "noop_reward_margin": 0.0,
      "noop_reward_return": 0.25002589587829926,
      "opponent": "balanced",
      "opponent_randomness": "deterministic-strategy",
      "parent_action": 2304,
      "parent_margin": 0.003300716379396329,
      "parent_return": -1.1134492211716134,
      "parent_reward_margin": 0.0,
      "parent_reward_return": 0.25002589587829926,
      "probe": "238_w070_balanced_1198439.json",
      "probe_sha256": "3210ed8dad2a625833ebf655779cf2688174c568bbe2fb649ff31f9d64b12bc2",
      "seed": 1198439,
      "state_sha256": "852169e4612aeb93159b52744e76f96a5eb72c7e51a2a7db1a79587b4f4ab284",
      "warmup_steps": 70
    },
    {
      "accepted": false,
      "best_action": 21,
      "best_return": -1.1101096081729134,
      "best_reward_return": 0.25002589587829926,
      "noop_margin": 0.0033396129987000034,
      "noop_return": -1.1134492211716134,
      "noop_reward_margin": 0.0,
      "noop_reward_return": 0.25002589587829926,
      "opponent": "balanced",
      "opponent_randomness": "deterministic-strategy",
      "parent_action": 2304,
      "parent_margin": 0.0033396129987000034,
      "parent_return": -1.1134492211716134,
      "parent_reward_margin": 0.0,
      "parent_reward_return": 0.25002589587829926,
      "probe": "239_w070_balanced_1198440.json",
      "probe_sha256": "065d197c51082afa231677bd8f10e55dfcab4879f94afae7e43bec8ab7937d9d",
      "seed": 1198440,
      "state_sha256": "82ff46d69f461b756f727c0da632abf0cb6275910c16007f4e356b845cfbdec8",
      "warmup_steps": 70
    },
    {
      "accepted": false,
      "best_action": 209,
      "best_return": -1.1263808663771475,
      "best_reward_return": 0.2142159568007046,
      "noop_margin": 0.02890394966577703,
      "noop_return": -1.1552848160429245,
      "noop_reward_margin": 0.006498017184120214,
      "noop_reward_return": 0.20771793961658438,
      "opponent": "bridge-pressure",
      "opponent_randomness": "deterministic-strategy",
      "parent_action": 2304,
      "parent_margin": 0.02890394966577703,
      "parent_return": -1.1552848160429245,
      "parent_reward_margin": 0.006498017184120214,
      "parent_reward_return": 0.20771793961658438,
      "probe": "240_w070_bridge-pressure_1198441.json",
      "probe_sha256": "031401c5038463502cf5a0d859357c3cb6360447aec97a008e7b2c7efa51c1da",
      "seed": 1198441,
      "state_sha256": "606969f094022963a5485f3b756b42a5e1e4b7586a43065b664b2a8788f0e34c",
      "warmup_steps": 70
    },
    {
      "accepted": false,
      "best_action": 209,
      "best_return": -1.1263808663771475,
      "best_reward_return": 0.2142159568007046,
      "noop_margin": 0.02890394966577703,
      "noop_return": -1.1552848160429245,
      "noop_reward_margin": 0.006498017184120214,
      "noop_reward_return": 0.20771793961658438,
      "opponent": "bridge-pressure",
      "opponent_randomness": "deterministic-strategy",
      "parent_action": 2304,
      "parent_margin": 0.02890394966577703,
      "parent_return": -1.1552848160429245,
      "parent_reward_margin": 0.006498017184120214,
      "parent_reward_return": 0.20771793961658438,
      "probe": "241_w070_bridge-pressure_1198442.json",
      "probe_sha256": "e4014ba0b63399607194d16a92b8ecd82523c6e56dfad8f9f4d5c9cc6eb9a0f1",
      "seed": 1198442,
      "state_sha256": "6deeea6b68997c7e3460ed46b2e9efd591a34f6726986bf871728b2e64034838",
      "warmup_steps": 70
    },
    {
      "accepted": true,
      "best_action": 1929,
      "best_return": -1.3651742667384408,
      "best_reward_return": -0.03538996384568874,
      "noop_margin": 0.06305222709569125,
      "noop_return": -1.428226493834132,
      "noop_reward_margin": 0.04386498986142054,
      "noop_reward_return": -0.07925495370710928,
      "opponent": "reactive-defense",
      "opponent_randomness": "deterministic-strategy",
      "parent_action": 2304,
      "parent_margin": 0.06305222709569125,
      "parent_return": -1.428226493834132,
      "parent_reward_margin": 0.04386498986142054,
      "parent_reward_return": -0.07925495370710928,
      "probe": "242_w070_reactive-defense_1198443.json",
      "probe_sha256": "10ed847adba00312a231819cb5858033ce04478ca570072260f25cb5e78e9802",
      "seed": 1198443,
      "state_sha256": "17bca9247af4664162d7cbe5e933448c77e5eac600bccd2d3521e676aa112e55",
      "warmup_steps": 70
    },
    {
      "accepted": true,
      "best_action": 134,
      "best_return": -1.3785860069640063,
      "best_reward_return": -0.0462741636978554,
      "noop_margin": 0.04964048687012568,
      "noop_return": -1.428226493834132,
      "noop_reward_margin": 0.03298079000925388,
      "noop_reward_return": -0.07925495370710928,
      "opponent": "reactive-defense",
      "opponent_randomness": "deterministic-strategy",
      "parent_action": 2304,
      "parent_margin": 0.04964048687012568,
      "parent_return": -1.428226493834132,
      "parent_reward_margin": 0.03298079000925388,
      "parent_reward_return": -0.07925495370710928,
      "probe": "243_w070_reactive-defense_1198444.json",
      "probe_sha256": "e3973d4676da08cbef80ffc601899c84a762b43a7b0c1f21edb5398c0091d577",
      "seed": 1198444,
      "state_sha256": "b539d3334821b98983229b5c32bbd42c030b7854ba0f8b6c1b7fa32a9118c76c",
      "warmup_steps": 70
    },
    {
      "accepted": false,
      "best_action": 209,
      "best_return": -1.3014888612498106,
      "best_reward_return": 0.02770882143333321,
      "noop_margin": 0.01076811708572456,
      "noop_return": -1.3122569783355351,
      "noop_reward_margin": 0.012032785699772123,
      "noop_reward_return": 0.015676035733561088,
      "opponent": "spell-control",
      "opponent_randomness": "deterministic-strategy",
      "parent_action": 2304,
      "parent_margin": 0.01076811708572456,
      "parent_return": -1.3122569783355351,
      "parent_reward_margin": 0.012032785699772123,
      "parent_reward_return": 0.015676035733561088,
      "probe": "244_w070_spell-control_1198445.json",
      "probe_sha256": "8c42f99019cbe5cd2c37d51546858b229892cf46532cf69de507f628954f8922",
      "seed": 1198445,
      "state_sha256": "4ad373313274c4f565e36cfc87397bf977eee6dd2a79842f9cd9a8a7c8761143",
      "warmup_steps": 70
    },
    {
      "accepted": false,
      "best_action": 209,
      "best_return": -1.3014888612498106,
      "best_reward_return": 0.02770882143333321,
      "noop_margin": 0.01076811708572456,
      "noop_return": -1.3122569783355351,
      "noop_reward_margin": 0.012032785699772123,
      "noop_reward_return": 0.015676035733561088,
      "opponent": "spell-control",
      "opponent_randomness": "deterministic-strategy",
      "parent_action": 2304,
      "parent_margin": 0.01076811708572456,
      "parent_return": -1.3122569783355351,
      "parent_reward_margin": 0.012032785699772123,
      "parent_reward_return": 0.015676035733561088,
      "probe": "245_w070_spell-control_1198446.json",
      "probe_sha256": "fb20cc1bb1e2fe3802d5f22c78da73ec827d3204aa133fd911e548af035a7fd3",
      "seed": 1198446,
      "state_sha256": "6521c89a81d94e4970abaebafbc6f820f3ac900e63d15723ccb25578abd1563f",
      "warmup_steps": 70
    },
    {
      "accepted": false,
      "best_action": 1944,
      "best_return": -1.3814054896244132,
      "best_reward_return": -0.031084194528615845,
      "noop_margin": -0.007870451156283043,
      "noop_return": -1.3735350384681302,
      "noop_reward_margin": 0.0019942811252930646,
      "noop_reward_return": -0.03307847565390891,
      "opponent": "slow-push",
      "opponent_randomness": "deterministic-strategy",
      "parent_action": 2304,
      "parent_margin": -0.007870451156283043,
      "parent_return": -1.3735350384681302,
      "parent_reward_margin": 0.0019942811252930646,
      "parent_reward_return": -0.03307847565390891,
      "probe": "246_w070_slow-push_1198447.json",
      "probe_sha256": "a02cd4047c788155593c37ada4fde74287951b39ef329a336a78b9e9d3a08da9",
      "seed": 1198447,
      "state_sha256": "74cfa47670684fdf751e20274f2ba7862dcedaaf44aa0b8dda81325ca7497d66",
      "warmup_steps": 70
    },
    {
      "accepted": false,
      "best_action": 2093,
      "best_return": -1.3844001399305406,
      "best_reward_return": -0.029829811965147775,
      "noop_margin": -0.010865101462410376,
      "noop_return": -1.3735350384681302,
      "noop_reward_margin": 0.003248663688761134,
      "noop_reward_return": -0.03307847565390891,
      "opponent": "slow-push",
      "opponent_randomness": "deterministic-strategy",
      "parent_action": 2304,
      "parent_margin": -0.010865101462410376,
      "parent_return": -1.3735350384681302,
      "parent_reward_margin": 0.003248663688761134,
      "parent_reward_return": -0.03307847565390891,
      "probe": "247_w070_slow-push_1198448.json",
      "probe_sha256": "e4834f090cd7bb0a8646eb6e1694340ce3d62c45f5c6b784c4f67d9a3ff149ec",
      "seed": 1198448,
      "state_sha256": "3f661d575d5f12c3cdf1004a587a424c8b0edaeb2447da50cb25b66c737e337b",
      "warmup_steps": 70
    },
    {
      "accepted": false,
      "best_action": 134,
      "best_return": -1.0854074333844836,
      "best_reward_return": 0.2720866942634655,
      "noop_margin": 0.002777725965496858,
      "noop_return": -1.0881851593499805,
      "noop_reward_margin": 0.0,
      "noop_reward_return": 0.2720866942634655,
      "opponent": "split-lane",
      "opponent_randomness": "deterministic-strategy",
      "parent_action": 2304,
      "parent_margin": 0.002777725965496858,
      "parent_return": -1.0881851593499805,
      "parent_reward_margin": 0.0,
      "parent_reward_return": 0.2720866942634655,
      "probe": "248_w070_split-lane_1198449.json",
      "probe_sha256": "8f20a4f1778bba9f38596eb54168dfedf3124d6bfe7da914283721f9dc1e6faf",
      "seed": 1198449,
      "state_sha256": "2090822bb98ef77caf113d9111952f148463bb6df7e56ed65480f7af00511943",
      "warmup_steps": 70
    },
    {
      "accepted": false,
      "best_action": 134,
      "best_return": -1.0854074333844836,
      "best_reward_return": 0.2720866942634655,
      "noop_margin": 0.002777725965496858,
      "noop_return": -1.0881851593499805,
      "noop_reward_margin": 0.0,
      "noop_reward_return": 0.2720866942634655,
      "opponent": "split-lane",
      "opponent_randomness": "deterministic-strategy",
      "parent_action": 2304,
      "parent_margin": 0.002777725965496858,
      "parent_return": -1.0881851593499805,
      "parent_reward_margin": 0.0,
      "parent_reward_return": 0.2720866942634655,
      "probe": "249_w070_split-lane_1198450.json",
      "probe_sha256": "a6c6c44ab16a9bfb419df68ef382de6ae777b2cc20c92988458980e750719423",
      "seed": 1198450,
      "state_sha256": "5c59b9c8e79fe86789dcfc816310b34b10ca9ddaec47b4f22686902765d0180c",
      "warmup_steps": 70
    },
    {
      "accepted": false,
      "best_action": 1854,
      "best_return": -1.2848702583686855,
      "best_reward_return": 0.06042185182740471,
      "noop_margin": 0.0022586463529947753,
      "noop_return": -1.2871289047216803,
      "noop_reward_margin": 0.0,
      "noop_reward_return": 0.06042185182740471,
      "opponent": "random",
      "opponent_randomness": "common-quantile-v1",
      "parent_action": 2304,
      "parent_margin": 0.0022586463529947753,
      "parent_return": -1.2871289047216803,
      "parent_reward_margin": 0.0,
      "parent_reward_return": 0.06042185182740471,
      "probe": "250_w070_random_1198451.json",
      "probe_sha256": "3148f9ae39b46035e28886ec4b87fe2d160ed42cccb72ea6ba420c080d1e413e",
      "seed": 1198451,
      "state_sha256": "3cb6a3212b82a89f210a296441a2ada24e0b4d69e25b20dc17710c88a9eadc2d",
      "warmup_steps": 70
    },
    {
      "accepted": false,
      "best_action": 2304,
      "best_return": -1.3063101037847384,
      "best_reward_return": 0.023845619543430507,
      "noop_margin": 0.0,
      "noop_return": -1.3063101037847384,
      "noop_reward_margin": 0.0,
      "noop_reward_return": 0.023845619543430507,
      "opponent": "random",
      "opponent_randomness": "common-quantile-v1",
      "parent_action": 2304,
      "parent_margin": 0.0,
      "parent_return": -1.3063101037847384,
      "parent_reward_margin": 0.0,
      "parent_reward_return": 0.023845619543430507,
      "probe": "251_w070_random_1198452.json",
      "probe_sha256": "bf90ba289391105037ddc72f6cc0851f441c3728b13cfbf1585bf193a7b4a92d",
      "seed": 1198452,
      "state_sha256": "235e45bc431237751674a48c18bbd0a8a72c2e28aef0c7fa43a57dd9f61ead22",
      "warmup_steps": 70
    },
    {
      "accepted": false,
      "best_action": 1944,
      "best_return": -1.148176485249825,
      "best_reward_return": 0.20369940625010194,
      "noop_margin": 0.019853764629188086,
      "noop_return": -1.1680302498790132,
      "noop_reward_margin": 0.0,
      "noop_reward_return": 0.20369940625010194,
      "opponent": "balanced",
      "opponent_randomness": "deterministic-strategy",
      "parent_action": 2304,
      "parent_margin": 0.019853764629188086,
      "parent_return": -1.1680302498790132,
      "parent_reward_margin": 0.0,
      "parent_reward_return": 0.20369940625010194,
      "probe": "252_w076_balanced_1198453.json",
      "probe_sha256": "26b227c10c7b1bf59315264a0b77ead5437c8f63627801220c93537965754a02",
      "seed": 1198453,
      "state_sha256": "3b08b099647688ee2fd6a3132c625c660986b2e127cb72d079ca8acbc904625e",
      "warmup_steps": 76
    },
    {
      "accepted": false,
      "best_action": 1944,
      "best_return": -1.148176485249825,
      "best_reward_return": 0.20369940625010194,
      "noop_margin": 0.019853764629188086,
      "noop_return": -1.1680302498790132,
      "noop_reward_margin": 0.0,
      "noop_reward_return": 0.20369940625010194,
      "opponent": "balanced",
      "opponent_randomness": "deterministic-strategy",
      "parent_action": 2304,
      "parent_margin": 0.019853764629188086,
      "parent_return": -1.1680302498790132,
      "parent_reward_margin": 0.0,
      "parent_reward_return": 0.20369940625010194,
      "probe": "253_w076_balanced_1198454.json",
      "probe_sha256": "5132dfa3e2b943f896ce39ebcf19818ab850fe87284c8263579a8a78f87a816b",
      "seed": 1198454,
      "state_sha256": "813ce0eb74c4d4cb51b74701205c2aca46c89a7726df058cb1ea4bb9463d68f1",
      "warmup_steps": 76
    },
    {
      "accepted": false,
      "best_action": 1955,
      "best_return": -1.1837116610934375,
      "best_reward_return": 0.15883284687764931,
      "noop_margin": 0.02194471712488566,
      "noop_return": -1.2056563782183232,
      "noop_reward_margin": 0.0076421765332885805,
      "noop_reward_return": 0.15119067034436073,
      "opponent": "bridge-pressure",
      "opponent_randomness": "deterministic-strategy",
      "parent_action": 2304,
      "parent_margin": 0.02194471712488566,
      "parent_return": -1.2056563782183232,
      "parent_reward_margin": 0.0076421765332885805,
      "parent_reward_return": 0.15119067034436073,
      "probe": "254_w076_bridge-pressure_1198455.json",
      "probe_sha256": "fe109f0f46c883597e6337afe1a0f2bc978d50c4b665bf80361ef242bb69d965",
      "seed": 1198455,
      "state_sha256": "3361dd0c63a1f1297268f080dd24df3e519ddd7e94d9311bc076988a0e1b3da3",
      "warmup_steps": 76
    },
    {
      "accepted": false,
      "best_action": 1955,
      "best_return": -1.1837116610934375,
      "best_reward_return": 0.15883284687764931,
      "noop_margin": 0.02194471712488566,
      "noop_return": -1.2056563782183232,
      "noop_reward_margin": 0.0076421765332885805,
      "noop_reward_return": 0.15119067034436073,
      "opponent": "bridge-pressure",
      "opponent_randomness": "deterministic-strategy",
      "parent_action": 2304,
      "parent_margin": 0.02194471712488566,
      "parent_return": -1.2056563782183232,
      "parent_reward_margin": 0.0076421765332885805,
      "parent_reward_return": 0.15119067034436073,
      "probe": "255_w076_bridge-pressure_1198456.json",
      "probe_sha256": "f4cbfe84d570ecf7a20abb8b8c4f43b9be49b747dd57f682626bfe4811fbaf4f",
      "seed": 1198456,
      "state_sha256": "3a1a53d3088b5dab7f6f25d29e0b3b46eb7d51ab5313eab445bf5d81d3a0b3b4",
      "warmup_steps": 76
    },
    {
      "accepted": true,
      "best_action": 1371,
      "best_return": -1.3887550729844051,
      "best_reward_return": -0.04381292666471383,
      "noop_margin": 0.04023976469867763,
      "noop_return": -1.4289948376830828,
      "noop_reward_margin": 0.032790850707337185,
      "noop_reward_return": -0.07660377737205101,
      "opponent": "reactive-defense",
      "opponent_randomness": "deterministic-strategy",
      "parent_action": 2304,
      "parent_margin": 0.04023976469867763,
      "parent_return": -1.4289948376830828,
      "parent_reward_margin": 0.032790850707337185,
      "parent_reward_return": -0.07660377737205101,
      "probe": "256_w076_reactive-defense_1198457.json",
      "probe_sha256": "132ab40165644b049f52910c2b26a697a5ec26cf8509427c9b2366d4ebf1d36d",
      "seed": 1198457,
      "state_sha256": "0e937bb1fbc7fd4cc1d269419026dbd552bdba61088dd8e89bbdf841dad90fc5",
      "warmup_steps": 76
    },
    {
      "accepted": false,
      "best_action": 134,
      "best_return": -1.3981479291864587,
      "best_reward_return": -0.06169803525252979,
      "noop_margin": 0.03084690849662408,
      "noop_return": -1.4289948376830828,
      "noop_reward_margin": 0.014905742119521226,
      "noop_reward_return": -0.07660377737205101,
      "opponent": "reactive-defense",
      "opponent_randomness": "deterministic-strategy",
      "parent_action": 2304,
      "parent_margin": 0.03084690849662408,
      "parent_return": -1.4289948376830828,
      "parent_reward_margin": 0.014905742119521226,
      "parent_reward_return": -0.07660377737205101,
      "probe": "257_w076_reactive-defense_1198458.json",
      "probe_sha256": "7861aae55a441901d1e4ffcf1ce498e5a513e4b3ff6951e4458a228a80180cbe",
      "seed": 1198458,
      "state_sha256": "4e10fd914f9e35eef9d2366276de1dd0ea367260c2d6542ed26295034f21bb00",
      "warmup_steps": 76
    },
    {
      "accepted": true,
      "best_action": 1368,
      "best_return": -1.1394475366722905,
      "best_reward_return": 0.1959708569687432,
      "noop_margin": 0.16309514127879754,
      "noop_return": -1.302542677951088,
      "noop_reward_margin": 0.16295667776986283,
      "noop_reward_return": 0.03301417919888036,
      "opponent": "spell-control",
      "opponent_randomness": "deterministic-strategy",
      "parent_action": 2304,
      "parent_margin": 0.16309514127879754,
      "parent_return": -1.302542677951088,
      "parent_reward_margin": 0.16295667776986283,
      "parent_reward_return": 0.03301417919888036,
      "probe": "258_w076_spell-control_1198459.json",
      "probe_sha256": "cc8e0c56545fbb457149e7c9db478be6e66c57a9e39bb7bffb386f96d7fc9618",
      "seed": 1198459,
      "state_sha256": "1c9afb4a364dde495bb030c2afcd48c48b009a051e0de7549da7f048efaf9468",
      "warmup_steps": 76
    },
    {
      "accepted": true,
      "best_action": 1368,
      "best_return": -1.1394475366722905,
      "best_reward_return": 0.1959708569687432,
      "noop_margin": 0.16309514127879754,
      "noop_return": -1.302542677951088,
      "noop_reward_margin": 0.16295667776986283,
      "noop_reward_return": 0.03301417919888036,
      "opponent": "spell-control",
      "opponent_randomness": "deterministic-strategy",
      "parent_action": 2304,
      "parent_margin": 0.16309514127879754,
      "parent_return": -1.302542677951088,
      "parent_reward_margin": 0.16295667776986283,
      "parent_reward_return": 0.03301417919888036,
      "probe": "259_w076_spell-control_1198460.json",
      "probe_sha256": "f67268c2ae3f4415e7e16c4b7ae0b31e1efa0aa20b6fbfeb985068e356c98145",
      "seed": 1198460,
      "state_sha256": "51aa4e3b148741b0e5f2aaf042d40ba11199ba9db2cf225cc4e379f41c5638d1",
      "warmup_steps": 76
    },
    {
      "accepted": false,
      "best_action": 2304,
      "best_return": -1.3666891531471288,
      "best_reward_return": -0.022715194416628795,
      "noop_margin": 0.0,
      "noop_return": -1.3666891531471288,
      "noop_reward_margin": 0.0,
      "noop_reward_return": -0.022715194416628795,
      "opponent": "slow-push",
      "opponent_randomness": "deterministic-strategy",
      "parent_action": 2304,
      "parent_margin": 0.0,
      "parent_return": -1.3666891531471288,
      "parent_reward_margin": 0.0,
      "parent_reward_return": -0.022715194416628795,
      "probe": "260_w076_slow-push_1198461.json",
      "probe_sha256": "e87896848da16f5df686930225750192620d543a1e02fa6e3813cecaf5a5d268",
      "seed": 1198461,
      "state_sha256": "68b4b48f4ea08723b207adf9e4e1a4f021a1a440bc2e1f4565d5366eeac84a6b",
      "warmup_steps": 76
    },
    {
      "accepted": false,
      "best_action": 2304,
      "best_return": -1.3666891531471288,
      "best_reward_return": -0.022715194416628795,
      "noop_margin": 0.0,
      "noop_return": -1.3666891531471288,
      "noop_reward_margin": 0.0,
      "noop_reward_return": -0.022715194416628795,
      "opponent": "slow-push",
      "opponent_randomness": "deterministic-strategy",
      "parent_action": 2304,
      "parent_margin": 0.0,
      "parent_return": -1.3666891531471288,
      "parent_reward_margin": 0.0,
      "parent_reward_return": -0.022715194416628795,
      "probe": "261_w076_slow-push_1198462.json",
      "probe_sha256": "4209e3885a57a581560007fa6df902b6bee1842d14ff7bfbfef4f894ea6299ee",
      "seed": 1198462,
      "state_sha256": "94ff5b22ed8ac54ee29b5160d0e367b95a6e215c788bd315fc6b42cd6238f974",
      "warmup_steps": 76
    },
    {
      "accepted": false,
      "best_action": 804,
      "best_return": -1.1283783293991823,
      "best_reward_return": 0.22867345490152152,
      "noop_margin": 0.009417104067577675,
      "noop_return": -1.13779543346676,
      "noop_reward_margin": 0.0,
      "noop_reward_return": 0.22867345490152152,
      "opponent": "split-lane",
      "opponent_randomness": "deterministic-strategy",
      "parent_action": 2304,
      "parent_margin": 0.009417104067577675,
      "parent_return": -1.13779543346676,
      "parent_reward_margin": 0.0,
      "parent_reward_return": 0.22867345490152152,
      "probe": "262_w076_split-lane_1198463.json",
      "probe_sha256": "d97bad0661e60cb793e6b0013cf75f86d31477ebb47fd9ceca82b964db35f272",
      "seed": 1198463,
      "state_sha256": "f474629a06a0d8de7fb75f7424aef21b0ecd4e73651e9599f3b6637c760427a9",
      "warmup_steps": 76
    },
    {
      "accepted": false,
      "best_action": 804,
      "best_return": -1.1283783293991823,
      "best_reward_return": 0.22867345490152152,
      "noop_margin": 0.009417104067577675,
      "noop_return": -1.13779543346676,
      "noop_reward_margin": 0.0,
      "noop_reward_return": 0.22867345490152152,
      "opponent": "split-lane",
      "opponent_randomness": "deterministic-strategy",
      "parent_action": 2304,
      "parent_margin": 0.009417104067577675,
      "parent_return": -1.13779543346676,
      "parent_reward_margin": 0.0,
      "parent_reward_return": 0.22867345490152152,
      "probe": "263_w076_split-lane_1198464.json",
      "probe_sha256": "7a66b75d44bf0c3087773c0abc754195d8a8bb1b324fd923ea42a5fc6abaea42",
      "seed": 1198464,
      "state_sha256": "6f5c14aca782e5ac51d131dce2622edb81f3e1f1741715acfa0275bcea605111",
      "warmup_steps": 76
    },
    {
      "accepted": false,
      "best_action": 209,
      "best_return": -1.3052231079835748,
      "best_reward_return": 0.03096349388870824,
      "noop_margin": 0.007864231687835677,
      "noop_return": -1.3130873396714104,
      "noop_reward_margin": 0.006563308887860962,
      "noop_reward_return": 0.02440018500084728,
      "opponent": "random",
      "opponent_randomness": "common-quantile-v1",
      "parent_action": 2304,
      "parent_margin": 0.007864231687835677,
      "parent_return": -1.3130873396714104,
      "parent_reward_margin": 0.006563308887860962,
      "parent_reward_return": 0.02440018500084728,
      "probe": "264_w076_random_1198465.json",
      "probe_sha256": "046e642327cd64cebbee4d9dd2b342cf3853cf043a9230c051292c1f2925cbf6",
      "seed": 1198465,
      "state_sha256": "a0a4d487b6544fa154b7f2901fe134c40e437315bb573cde4cd8b12bd07c9ee4",
      "warmup_steps": 76
    },
    {
      "accepted": true,
      "best_action": 209,
      "best_return": -1.356173320893644,
      "best_reward_return": -0.016900673929480886,
      "noop_margin": 0.15472063069983366,
      "noop_return": -1.5108939515934776,
      "noop_reward_margin": 0.13657842301734593,
      "noop_reward_return": -0.15347909694682682,
      "opponent": "random",
      "opponent_randomness": "common-quantile-v1",
      "parent_action": 2304,
      "parent_margin": 0.15472063069983366,
      "parent_return": -1.5108939515934776,
      "parent_reward_margin": 0.13657842301734593,
      "parent_reward_return": -0.15347909694682682,
      "probe": "265_w076_random_1198466.json",
      "probe_sha256": "7ee696ec0887a48cf13caa36c386fcbde744863599a9efd6bbad37bb385ad192",
      "seed": 1198466,
      "state_sha256": "3b032b1f735015bcb9cd311ecb89cafa94847ddfcc78a80d8e89dfa66bfe8b45",
      "warmup_steps": 76
    }
  ],
  "bootstrap_role": "tie-break-and-nonnegative-consistency-only",
  "candidate_selector": "hand-slot-spatial-stratified-v1",
  "checkpoint": "/Users/sam/Desktop/code/clasher/checkpoints/hog26_u46x2_reactive_slow_spatial_seed1154001/candidate.pt",
  "checkpoint_sha256": "28f575c95bf5d00478aac7a74b5614016019cb00a3ffd6e17be7c5d2437b4372",
  "corpus": "/Users/sam/.codex/worktrees/clasher-simple-mps-bench/datasets/derived/hog26_simple_counterfactual_modes_reward_train_seed1198201/corpus.npz",
  "corpus_sha256": "772075b7320063c613628b2cb53b5ec817196b50ca1f2107c6b230c786e5ba4f",
  "coverage": {
    "w008:balanced": {
      "accepted": 2,
      "probes": 2
    },
    "w008:bridge-pressure": {
      "accepted": 2,
      "probes": 2
    },
    "w008:random": {
      "accepted": 1,
      "probes": 2
    },
    "w008:reactive-defense": {
      "accepted": 0,
      "probes": 2
    },
    "w008:slow-push": {
      "accepted": 2,
      "probes": 2
    },
    "w008:spell-control": {
      "accepted": 0,
      "probes": 2
    },
    "w008:split-lane": {
      "accepted": 2,
      "probes": 2
    },
    "w012:balanced": {
      "accepted": 2,
      "probes": 2
    },
    "w012:bridge-pressure": {
      "accepted": 2,
      "probes": 2
    },
    "w012:random": {
      "accepted": 2,
      "probes": 2
    },
    "w012:reactive-defense": {
      "accepted": 0,
      "probes": 2
    },
    "w012:slow-push": {
      "accepted": 0,
      "probes": 2
    },
    "w012:spell-control": {
      "accepted": 0,
      "probes": 2
    },
    "w012:split-lane": {
      "accepted": 2,
      "probes": 2
    },
    "w013:balanced": {
      "accepted": 2,
      "probes": 2
    },
    "w013:bridge-pressure": {
      "accepted": 2,
      "probes": 2
    },
    "w013:random": {
      "accepted": 2,
      "probes": 2
    },
    "w013:reactive-defense": {
      "accepted": 0,
      "probes": 2
    },
    "w013:slow-push": {
      "accepted": 0,
      "probes": 2
    },
    "w013:spell-control": {
      "accepted": 0,
      "probes": 2
    },
    "w013:split-lane": {
      "accepted": 2,
      "probes": 2
    },
    "w014:balanced": {
      "accepted": 2,
      "probes": 2
    },
    "w014:bridge-pressure": {
      "accepted": 2,
      "probes": 2
    },
    "w014:random": {
      "accepted": 2,
      "probes": 2
    },
    "w014:reactive-defense": {
      "accepted": 0,
      "probes": 2
    },
    "w014:slow-push": {
      "accepted": 0,
      "probes": 2
    },
    "w014:spell-control": {
      "accepted": 0,
      "probes": 2
    },
    "w014:split-lane": {
      "accepted": 2,
      "probes": 2
    },
    "w020:balanced": {
      "accepted": 2,
      "probes": 2
    },
    "w020:bridge-pressure": {
      "accepted": 2,
      "probes": 2
    },
    "w020:random": {
      "accepted": 2,
      "probes": 2
    },
    "w020:reactive-defense": {
      "accepted": 0,
      "probes": 2
    },
    "w020:slow-push": {
      "accepted": 1,
      "probes": 2
    },
    "w020:spell-control": {
      "accepted": 0,
      "probes": 2
    },
    "w020:split-lane": {
      "accepted": 2,
      "probes": 2
    },
    "w026:balanced": {
      "accepted": 0,
      "probes": 2
    },
    "w026:bridge-pressure": {
      "accepted": 2,
      "probes": 2
    },
    "w026:random": {
      "accepted": 1,
      "probes": 2
    },
    "w026:reactive-defense": {
      "accepted": 0,
      "probes": 2
    },
    "w026:slow-push": {
      "accepted": 0,
      "probes": 2
    },
    "w026:spell-control": {
      "accepted": 1,
      "probes": 2
    },
    "w026:split-lane": {
      "accepted": 2,
      "probes": 2
    },
    "w027:balanced": {
      "accepted": 0,
      "probes": 2
    },
    "w027:bridge-pressure": {
      "accepted": 2,
      "probes": 2
    },
    "w027:random": {
      "accepted": 0,
      "probes": 2
    },
    "w027:reactive-defense": {
      "accepted": 0,
      "probes": 2
    },
    "w027:slow-push": {
      "accepted": 0,
      "probes": 2
    },
    "w027:spell-control": {
      "accepted": 2,
      "probes": 2
    },
    "w027:split-lane": {
      "accepted": 2,
      "probes": 2
    },
    "w028:balanced": {
      "accepted": 2,
      "probes": 2
    },
    "w028:bridge-pressure": {
      "accepted": 2,
      "probes": 2
    },
    "w028:random": {
      "accepted": 1,
      "probes": 2
    },
    "w028:reactive-defense": {
      "accepted": 0,
      "probes": 2
    },
    "w028:slow-push": {
      "accepted": 0,
      "probes": 2
    },
    "w028:spell-control": {
      "accepted": 2,
      "probes": 2
    },
    "w028:split-lane": {
      "accepted": 2,
      "probes": 2
    },
    "w040:balanced": {
      "accepted": 0,
      "probes": 2
    },
    "w040:bridge-pressure": {
      "accepted": 2,
      "probes": 2
    },
    "w040:random": {
      "accepted": 0,
      "probes": 2
    },
    "w040:reactive-defense": {
      "accepted": 0,
      "probes": 2
    },
    "w040:slow-push": {
      "accepted": 2,
      "probes": 2
    },
    "w040:spell-control": {
      "accepted": 0,
      "probes": 2
    },
    "w040:split-lane": {
      "accepted": 0,
      "probes": 2
    },
    "w041:balanced": {
      "accepted": 2,
      "probes": 2
    },
    "w041:bridge-pressure": {
      "accepted": 2,
      "probes": 2
    },
    "w041:random": {
      "accepted": 1,
      "probes": 2
    },
    "w041:reactive-defense": {
      "accepted": 0,
      "probes": 2
    },
    "w041:slow-push": {
      "accepted": 0,
      "probes": 2
    },
    "w041:spell-control": {
      "accepted": 2,
      "probes": 2
    },
    "w041:split-lane": {
      "accepted": 2,
      "probes": 2
    },
    "w042:balanced": {
      "accepted": 2,
      "probes": 2
    },
    "w042:bridge-pressure": {
      "accepted": 2,
      "probes": 2
    },
    "w042:random": {
      "accepted": 0,
      "probes": 2
    },
    "w042:reactive-defense": {
      "accepted": 0,
      "probes": 2
    },
    "w042:slow-push": {
      "accepted": 2,
      "probes": 2
    },
    "w042:spell-control": {
      "accepted": 1,
      "probes": 2
    },
    "w042:split-lane": {
      "accepted": 2,
      "probes": 2
    },
    "w048:balanced": {
      "accepted": 0,
      "probes": 2
    },
    "w048:bridge-pressure": {
      "accepted": 2,
      "probes": 2
    },
    "w048:random": {
      "accepted": 1,
      "probes": 2
    },
    "w048:reactive-defense": {
      "accepted": 0,
      "probes": 2
    },
    "w048:slow-push": {
      "accepted": 0,
      "probes": 2
    },
    "w048:spell-control": {
      "accepted": 1,
      "probes": 2
    },
    "w048:split-lane": {
      "accepted": 2,
      "probes": 2
    },
    "w054:balanced": {
      "accepted": 0,
      "probes": 2
    },
    "w054:bridge-pressure": {
      "accepted": 0,
      "probes": 2
    },
    "w054:random": {
      "accepted": 1,
      "probes": 2
    },
    "w054:reactive-defense": {
      "accepted": 0,
      "probes": 2
    },
    "w054:slow-push": {
      "accepted": 0,
      "probes": 2
    },
    "w054:spell-control": {
      "accepted": 2,
      "probes": 2
    },
    "w054:split-lane": {
      "accepted": 0,
      "probes": 2
    },
    "w055:balanced": {
      "accepted": 0,
      "probes": 2
    },
    "w055:bridge-pressure": {
      "accepted": 0,
      "probes": 2
    },
    "w055:random": {
      "accepted": 1,
      "probes": 2
    },
    "w055:reactive-defense": {
      "accepted": 0,
      "probes": 2
    },
    "w055:slow-push": {
      "accepted": 0,
      "probes": 2
    },
    "w055:spell-control": {
      "accepted": 0,
      "probes": 2
    },
    "w055:split-lane": {
      "accepted": 0,
      "probes": 2
    },
    "w056:balanced": {
      "accepted": 0,
      "probes": 2
    },
    "w056:bridge-pressure": {
      "accepted": 0,
      "probes": 2
    },
    "w056:random": {
      "accepted": 0,
      "probes": 2
    },
    "w056:reactive-defense": {
      "accepted": 0,
      "probes": 2
    },
    "w056:slow-push": {
      "accepted": 0,
      "probes": 2
    },
    "w056:spell-control": {
      "accepted": 2,
      "probes": 2
    },
    "w056:split-lane": {
      "accepted": 0,
      "probes": 2
    },
    "w068:balanced": {
      "accepted": 0,
      "probes": 2
    },
    "w068:bridge-pressure": {
      "accepted": 0,
      "probes": 2
    },
    "w068:random": {
      "accepted": 0,
      "probes": 2
    },
    "w068:reactive-defense": {
      "accepted": 2,
      "probes": 2
    },
    "w068:slow-push": {
      "accepted": 0,
      "probes": 2
    },
    "w068:spell-control": {
      "accepted": 0,
      "probes": 2
    },
    "w068:split-lane": {
      "accepted": 0,
      "probes": 2
    },
    "w069:balanced": {
      "accepted": 0,
      "probes": 2
    },
    "w069:bridge-pressure": {
      "accepted": 0,
      "probes": 2
    },
    "w069:random": {
      "accepted": 1,
      "probes": 2
    },
    "w069:reactive-defense": {
      "accepted": 0,
      "probes": 2
    },
    "w069:slow-push": {
      "accepted": 0,
      "probes": 2
    },
    "w069:spell-control": {
      "accepted": 0,
      "probes": 2
    },
    "w069:split-lane": {
      "accepted": 0,
      "probes": 2
    },
    "w070:balanced": {
      "accepted": 0,
      "probes": 2
    },
    "w070:bridge-pressure": {
      "accepted": 0,
      "probes": 2
    },
    "w070:random": {
      "accepted": 0,
      "probes": 2
    },
    "w070:reactive-defense": {
      "accepted": 2,
      "probes": 2
    },
    "w070:slow-push": {
      "accepted": 0,
      "probes": 2
    },
    "w070:spell-control": {
      "accepted": 0,
      "probes": 2
    },
    "w070:split-lane": {
      "accepted": 0,
      "probes": 2
    },
    "w076:balanced": {
      "accepted": 0,
      "probes": 2
    },
    "w076:bridge-pressure": {
      "accepted": 0,
      "probes": 2
    },
    "w076:random": {
      "accepted": 1,
      "probes": 2
    },
    "w076:reactive-defense": {
      "accepted": 1,
      "probes": 2
    },
    "w076:slow-push": {
      "accepted": 0,
      "probes": 2
    },
    "w076:spell-control": {
      "accepted": 2,
      "probes": 2
    },
    "w076:split-lane": {
      "accepted": 0,
      "probes": 2
    }
  },
  "horizon_steps": 24,
  "minimum_return_margin": 0.02,
  "preference_score": "discounted_reward_return",
  "probe_root": "/Users/sam/.codex/worktrees/clasher-simple-mps-bench/datasets/derived/hog26_simple_counterfactual_modes_train_seed1198201/probes",
  "probes": 266,
  "random_candidate_fraction": 0.25,
  "return_estimator": "truncated-n-step-bootstrap-v1",
  "root_behavior_action_is_parent": true,
  "rows": 11004,
  "schema": "clasher.hog26.simple-counterfactual-corpus.v2",
  "supervised_rows": 266,
  "warmup_steps": [
    8,
    12,
    13,
    14,
    20,
    26,
    27,
    28,
    40,
    41,
    42,
    48,
    54,
    55,
    56,
    68,
    69,
    70,
    76
  ]
}
