{
  "accepted_probes": 48,
  "action_samples": 8,
  "all_probe_trajectories_retained_for_behavior": true,
  "audits": [
    {
      "accepted": true,
      "best_action": 1944,
      "best_return": -1.356822630661242,
      "best_reward_return": -0.01203279420137879,
      "noop_margin": 0.08716517645901867,
      "noop_return": -1.4439878071202608,
      "noop_reward_margin": 0.06607094790551263,
      "noop_reward_return": -0.07810374210689142,
      "opponent": "balanced",
      "opponent_randomness": null,
      "parent_action": 2304,
      "parent_margin": 0.08716517645901867,
      "parent_return": -1.4439878071202608,
      "parent_reward_margin": 0.06607094790551263,
      "parent_reward_return": -0.07810374210689142,
      "probe": "000_w008_balanced_1194001.json",
      "probe_sha256": "0085a850aee1d396a74e3ff897aaef449587b031feec9de56880d1a7dcd55740",
      "seed": 1194001,
      "state_sha256": "dc4d1b1fe2f1366f292c00661e23c3ec2062061e1653203d71f3ea4c59365838",
      "warmup_steps": 8
    },
    {
      "accepted": true,
      "best_action": 194,
      "best_return": -1.359470523131911,
      "best_reward_return": -0.003391048616466193,
      "noop_margin": 0.08451728398834968,
      "noop_return": -1.4439878071202608,
      "noop_reward_margin": 0.07471269349042522,
      "noop_reward_return": -0.07810374210689142,
      "opponent": "balanced",
      "opponent_randomness": null,
      "parent_action": 2304,
      "parent_margin": 0.08451728398834968,
      "parent_return": -1.4439878071202608,
      "parent_reward_margin": 0.07471269349042522,
      "parent_reward_return": -0.07810374210689142,
      "probe": "001_w008_balanced_1194002.json",
      "probe_sha256": "1f186d88f45062d93a1ed05c1039896d75071c83e0dce0b0504911aa7b197ca7",
      "seed": 1194002,
      "state_sha256": "d43bc6679b412cb494a014c2dba22cba50921542a1faf58ae5a6d7a53523370b",
      "warmup_steps": 8
    },
    {
      "accepted": true,
      "best_action": 1944,
      "best_return": -1.356822630661242,
      "best_reward_return": -0.01203279420137879,
      "noop_margin": 0.08716517645901867,
      "noop_return": -1.4439878071202608,
      "noop_reward_margin": 0.06607094790551263,
      "noop_reward_return": -0.07810374210689142,
      "opponent": "balanced",
      "opponent_randomness": null,
      "parent_action": 2304,
      "parent_margin": 0.08716517645901867,
      "parent_return": -1.4439878071202608,
      "parent_reward_margin": 0.06607094790551263,
      "parent_reward_return": -0.07810374210689142,
      "probe": "002_w008_balanced_1194003.json",
      "probe_sha256": "39a6d426e64b29636705c8aedc7d10f12d6f9f20e9142d7f353024abdfbbcaee",
      "seed": 1194003,
      "state_sha256": "3aa43f7ced55d866197a12736011c14730e86501ceddc2e7c4c028b406fe7374",
      "warmup_steps": 8
    },
    {
      "accepted": true,
      "best_action": 1943,
      "best_return": -1.3391245653485582,
      "best_reward_return": 0.012032795667599941,
      "noop_margin": 0.10486324177170259,
      "noop_return": -1.4439878071202608,
      "noop_reward_margin": 0.09013653777449136,
      "noop_reward_return": -0.07810374210689142,
      "opponent": "balanced",
      "opponent_randomness": null,
      "parent_action": 2304,
      "parent_margin": 0.10486324177170259,
      "parent_return": -1.4439878071202608,
      "parent_reward_margin": 0.09013653777449136,
      "parent_reward_return": -0.07810374210689142,
      "probe": "003_w008_balanced_1194004.json",
      "probe_sha256": "0f8aa79f1e72bff0a16b8923b40d2c610815608bd1208c62ea32868632a69f16",
      "seed": 1194004,
      "state_sha256": "c56abe2357baa24895eaadb2de21f1da8a0063dd7a5f06c4bf65d2554164010f",
      "warmup_steps": 8
    },
    {
      "accepted": true,
      "best_action": 191,
      "best_return": -1.335680424159625,
      "best_reward_return": 0.0031722872923266275,
      "noop_margin": 0.09883620785331826,
      "noop_return": -1.4345166320129432,
      "noop_reward_margin": 0.07919764299832163,
      "noop_reward_return": -0.076025355705995,
      "opponent": "bridge-pressure",
      "opponent_randomness": null,
      "parent_action": 2304,
      "parent_margin": 0.09883620785331826,
      "parent_return": -1.4345166320129432,
      "parent_reward_margin": 0.07919764299832163,
      "parent_reward_return": -0.076025355705995,
      "probe": "004_w008_bridge-pressure_1194005.json",
      "probe_sha256": "c40f17d82a44934602b93d6e5e7a36b84ae6a5cfc4074ef9ce7f0781ec68a5eb",
      "seed": 1194005,
      "state_sha256": "1fa2e5b21629f8f01fb2fe5ad80ef2a8cf4a8c2824ccc7022ecb530171d1bc29",
      "warmup_steps": 8
    },
    {
      "accepted": true,
      "best_action": 191,
      "best_return": -1.335680424159625,
      "best_reward_return": 0.0031722872923266275,
      "noop_margin": 0.09883620785331826,
      "noop_return": -1.4345166320129432,
      "noop_reward_margin": 0.07919764299832163,
      "noop_reward_return": -0.076025355705995,
      "opponent": "bridge-pressure",
      "opponent_randomness": null,
      "parent_action": 2304,
      "parent_margin": 0.09883620785331826,
      "parent_return": -1.4345166320129432,
      "parent_reward_margin": 0.07919764299832163,
      "parent_reward_return": -0.076025355705995,
      "probe": "005_w008_bridge-pressure_1194006.json",
      "probe_sha256": "b1d58ab015719998c4d32235a889388d54627a66f889643a1f03a096b7a80e72",
      "seed": 1194006,
      "state_sha256": "c7364c331bcdf3ade9d66e1238d1a9be7399fede47eb74ef0b783a8d65774222",
      "warmup_steps": 8
    },
    {
      "accepted": true,
      "best_action": 190,
      "best_return": -1.3309685972645549,
      "best_reward_return": 0.007602536486784706,
      "noop_margin": 0.10354803474838836,
      "noop_return": -1.4345166320129432,
      "noop_reward_margin": 0.0836278921927797,
      "noop_reward_return": -0.076025355705995,
      "opponent": "bridge-pressure",
      "opponent_randomness": null,
      "parent_action": 2304,
      "parent_margin": 0.10354803474838836,
      "parent_return": -1.4345166320129432,
      "parent_reward_margin": 0.0836278921927797,
      "parent_reward_return": -0.076025355705995,
      "probe": "006_w008_bridge-pressure_1194007.json",
      "probe_sha256": "ca6b3271939bee86ceef2fd540701fcf02eae3b96605314a3b026b45f90c9512",
      "seed": 1194007,
      "state_sha256": "dd94b50b4f1176939c2c5ef3cc7fefe7249e1f62aa25c60888fba894d45f9266",
      "warmup_steps": 8
    },
    {
      "accepted": true,
      "best_action": 191,
      "best_return": -1.335680424159625,
      "best_reward_return": 0.0031722872923266275,
      "noop_margin": 0.09883620785331826,
      "noop_return": -1.4345166320129432,
      "noop_reward_margin": 0.07919764299832163,
      "noop_reward_return": -0.076025355705995,
      "opponent": "bridge-pressure",
      "opponent_randomness": null,
      "parent_action": 2304,
      "parent_margin": 0.09883620785331826,
      "parent_return": -1.4345166320129432,
      "parent_reward_margin": 0.07919764299832163,
      "parent_reward_return": -0.076025355705995,
      "probe": "007_w008_bridge-pressure_1194008.json",
      "probe_sha256": "255130ac340a66dd3f0fe6acaf12cbb5026872f1d4375a2658daad9ad4a5171d",
      "seed": 1194008,
      "state_sha256": "376b79c941a75c23262372140bd0c43669fd92476258a8eb996f4e18a866e4d9",
      "warmup_steps": 8
    },
    {
      "accepted": false,
      "best_action": 1368,
      "best_return": -1.32838488514984,
      "best_reward_return": 0.03467632113595977,
      "noop_margin": 0.01885111468199785,
      "noop_return": -1.347235999831838,
      "noop_reward_margin": 0.017338163027883813,
      "noop_reward_return": 0.017338158108075954,
      "opponent": "reactive-defense",
      "opponent_randomness": null,
      "parent_action": 2304,
      "parent_margin": 0.01885111468199785,
      "parent_return": -1.347235999831838,
      "parent_reward_margin": 0.017338163027883813,
      "parent_reward_return": 0.017338158108075954,
      "probe": "008_w008_reactive-defense_1194009.json",
      "probe_sha256": "51f0e185d8011beb5cb9d30c6608b2cbe6b1d0c913f5fa3b11545324db876da2",
      "seed": 1194009,
      "state_sha256": "c468aeb6501641a796b74db967d8a29f9df96852f829a671b29d77e1bb31cd21",
      "warmup_steps": 8
    },
    {
      "accepted": false,
      "best_action": 1368,
      "best_return": -1.32838488514984,
      "best_reward_return": 0.03467632113595977,
      "noop_margin": 0.01885111468199785,
      "noop_return": -1.347235999831838,
      "noop_reward_margin": 0.017338163027883813,
      "noop_reward_return": 0.017338158108075954,
      "opponent": "reactive-defense",
      "opponent_randomness": null,
      "parent_action": 2304,
      "parent_margin": 0.01885111468199785,
      "parent_return": -1.347235999831838,
      "parent_reward_margin": 0.017338163027883813,
      "parent_reward_return": 0.017338158108075954,
      "probe": "009_w008_reactive-defense_1194010.json",
      "probe_sha256": "d426cab351a3bba2aa33925884807f0c480880eeb444142ce6aac8b37928278b",
      "seed": 1194010,
      "state_sha256": "daa85210a779d48aea21f5a8bf06f07a94be66034731ee46ac50e02413fefb6c",
      "warmup_steps": 8
    },
    {
      "accepted": false,
      "best_action": 1368,
      "best_return": -1.32838488514984,
      "best_reward_return": 0.03467632113595977,
      "noop_margin": 0.01885111468199785,
      "noop_return": -1.347235999831838,
      "noop_reward_margin": 0.017338163027883813,
      "noop_reward_return": 0.017338158108075954,
      "opponent": "reactive-defense",
      "opponent_randomness": null,
      "parent_action": 2304,
      "parent_margin": 0.01885111468199785,
      "parent_return": -1.347235999831838,
      "parent_reward_margin": 0.017338163027883813,
      "parent_reward_return": 0.017338158108075954,
      "probe": "010_w008_reactive-defense_1194011.json",
      "probe_sha256": "54f3b67dd3585f67ad90a3db5c95edfb04c640cb55dffaade2b8bc3fffe980ad",
      "seed": 1194011,
      "state_sha256": "f5eef5505623561a3444f55f5db2ebd92d7e56d9ba080f3390e4ef6a54482693",
      "warmup_steps": 8
    },
    {
      "accepted": false,
      "best_action": 1368,
      "best_return": -1.32838488514984,
      "best_reward_return": 0.03467632113595977,
      "noop_margin": 0.01885111468199785,
      "noop_return": -1.347235999831838,
      "noop_reward_margin": 0.017338163027883813,
      "noop_reward_return": 0.017338158108075954,
      "opponent": "reactive-defense",
      "opponent_randomness": null,
      "parent_action": 2304,
      "parent_margin": 0.01885111468199785,
      "parent_return": -1.347235999831838,
      "parent_reward_margin": 0.017338163027883813,
      "parent_reward_return": 0.017338158108075954,
      "probe": "011_w008_reactive-defense_1194012.json",
      "probe_sha256": "c3207a7710c3c5cadc873fd60ab7c65c5ae8e310973649a3124bce63ae12a4d2",
      "seed": 1194012,
      "state_sha256": "1645588756906824a613d420c79f1aa84ce23f2c98636c1cd18ec114a23ff465",
      "warmup_steps": 8
    },
    {
      "accepted": false,
      "best_action": 1368,
      "best_return": -1.3191613233050747,
      "best_reward_return": 0.03998168276988156,
      "noop_margin": 0.017795410404941814,
      "noop_return": -1.3369567337100166,
      "noop_reward_margin": 0.01733816373345234,
      "noop_reward_return": 0.022643519036429218,
      "opponent": "spell-control",
      "opponent_randomness": null,
      "parent_action": 2304,
      "parent_margin": 0.017795410404941814,
      "parent_return": -1.3369567337100166,
      "parent_reward_margin": 0.01733816373345234,
      "parent_reward_return": 0.022643519036429218,
      "probe": "012_w008_spell-control_1194013.json",
      "probe_sha256": "3956175299db2aebba4192b9ec1ad1767ad447d40cc2189034b8098ccdc01533",
      "seed": 1194013,
      "state_sha256": "aff15a4165b8bcdd9da861267bc64638708b7f4024a5ede407c31515188e5e77",
      "warmup_steps": 8
    },
    {
      "accepted": false,
      "best_action": 1368,
      "best_return": -1.3191613233050747,
      "best_reward_return": 0.03998168276988156,
      "noop_margin": 0.017795410404941814,
      "noop_return": -1.3369567337100166,
      "noop_reward_margin": 0.01733816373345234,
      "noop_reward_return": 0.022643519036429218,
      "opponent": "spell-control",
      "opponent_randomness": null,
      "parent_action": 2304,
      "parent_margin": 0.017795410404941814,
      "parent_return": -1.3369567337100166,
      "parent_reward_margin": 0.01733816373345234,
      "parent_reward_return": 0.022643519036429218,
      "probe": "013_w008_spell-control_1194014.json",
      "probe_sha256": "57f32878c1e66ea2ffd3a110e55aa6d388b4ed61ef3af8509e43eb81b4522960",
      "seed": 1194014,
      "state_sha256": "a4b43300a8e0788f8d94968ae435d78edf49b272a46c3ac107d4a8a894a4d2e1",
      "warmup_steps": 8
    },
    {
      "accepted": false,
      "best_action": 1368,
      "best_return": -1.3191613233050747,
      "best_reward_return": 0.03998168276988156,
      "noop_margin": 0.017795410404941814,
      "noop_return": -1.3369567337100166,
      "noop_reward_margin": 0.01733816373345234,
      "noop_reward_return": 0.022643519036429218,
      "opponent": "spell-control",
      "opponent_randomness": null,
      "parent_action": 2304,
      "parent_margin": 0.017795410404941814,
      "parent_return": -1.3369567337100166,
      "parent_reward_margin": 0.01733816373345234,
      "parent_reward_return": 0.022643519036429218,
      "probe": "014_w008_spell-control_1194015.json",
      "probe_sha256": "fdfb0c1f6f45018cffc1de31e1d8714838fd1a8fd56f8335ba9cdd44bac7d694",
      "seed": 1194015,
      "state_sha256": "7d96ebc5332be2a500c4dadb3c2171043b361a23083b8bbf76887a1d54c3d34f",
      "warmup_steps": 8
    },
    {
      "accepted": false,
      "best_action": 1368,
      "best_return": -1.3191613233050747,
      "best_reward_return": 0.03998168276988156,
      "noop_margin": 0.017795410404941814,
      "noop_return": -1.3369567337100166,
      "noop_reward_margin": 0.01733816373345234,
      "noop_reward_return": 0.022643519036429218,
      "opponent": "spell-control",
      "opponent_randomness": null,
      "parent_action": 2304,
      "parent_margin": 0.017795410404941814,
      "parent_return": -1.3369567337100166,
      "parent_reward_margin": 0.01733816373345234,
      "parent_reward_return": 0.022643519036429218,
      "probe": "015_w008_spell-control_1194016.json",
      "probe_sha256": "4cdf2fb9dc8c5339b58c802932ab25a70dce7e549824a8a568111e15fb0db8d1",
      "seed": 1194016,
      "state_sha256": "5951c4124e7b12e0efccf9ac3cb9520049ac4308fc0109aeb0cc6ed1d9dbabc6",
      "warmup_steps": 8
    },
    {
      "accepted": true,
      "best_action": 1368,
      "best_return": -1.2896408994264679,
      "best_reward_return": 0.05201448256205593,
      "noop_margin": 0.028199306957612524,
      "noop_return": -1.3178402063840804,
      "noop_reward_margin": 0.023354563907593148,
      "noop_reward_return": 0.028659918654462782,
      "opponent": "slow-push",
      "opponent_randomness": null,
      "parent_action": 2304,
      "parent_margin": 0.028199306957612524,
      "parent_return": -1.3178402063840804,
      "parent_reward_margin": 0.023354563907593148,
      "parent_reward_return": 0.028659918654462782,
      "probe": "016_w008_slow-push_1194017.json",
      "probe_sha256": "008fcdc44dca08fb0079c3f5d035c4be521440f21ef131e1de29dae50d006271",
      "seed": 1194017,
      "state_sha256": "baff3f67db5b369edf345c9bc4100326b578f45be1bc3f79db665be500e12f02",
      "warmup_steps": 8
    },
    {
      "accepted": true,
      "best_action": 1368,
      "best_return": -1.2896408994264679,
      "best_reward_return": 0.05201448256205593,
      "noop_margin": 0.028199306957612524,
      "noop_return": -1.3178402063840804,
      "noop_reward_margin": 0.023354563907593148,
      "noop_reward_return": 0.028659918654462782,
      "opponent": "slow-push",
      "opponent_randomness": null,
      "parent_action": 2304,
      "parent_margin": 0.028199306957612524,
      "parent_return": -1.3178402063840804,
      "parent_reward_margin": 0.023354563907593148,
      "parent_reward_return": 0.028659918654462782,
      "probe": "017_w008_slow-push_1194018.json",
      "probe_sha256": "3cfaa654d0002f66c50ee52621898a519c2b6341d366f0e72be6af9cabe01e3b",
      "seed": 1194018,
      "state_sha256": "768e68e35c5646d67cd2fa3c66b57640005a10a91994f9f9fd3dc01e4f3209d1",
      "warmup_steps": 8
    },
    {
      "accepted": true,
      "best_action": 1368,
      "best_return": -1.2896408994264679,
      "best_reward_return": 0.05201448256205593,
      "noop_margin": 0.028199306957612524,
      "noop_return": -1.3178402063840804,
      "noop_reward_margin": 0.023354563907593148,
      "noop_reward_return": 0.028659918654462782,
      "opponent": "slow-push",
      "opponent_randomness": null,
      "parent_action": 2304,
      "parent_margin": 0.028199306957612524,
      "parent_return": -1.3178402063840804,
      "parent_reward_margin": 0.023354563907593148,
      "parent_reward_return": 0.028659918654462782,
      "probe": "018_w008_slow-push_1194019.json",
      "probe_sha256": "3ad20e2918c9424a31968215714863c51826eb0ce88a364f13c5994affe1617b",
      "seed": 1194019,
      "state_sha256": "20acf6b517a0b3dfcb9452ef568df4a7d2376b32316fcc95cf00134b84b5e173",
      "warmup_steps": 8
    },
    {
      "accepted": true,
      "best_action": 1368,
      "best_return": -1.2896408994264679,
      "best_reward_return": 0.05201448256205593,
      "noop_margin": 0.028199306957612524,
      "noop_return": -1.3178402063840804,
      "noop_reward_margin": 0.023354563907593148,
      "noop_reward_return": 0.028659918654462782,
      "opponent": "slow-push",
      "opponent_randomness": null,
      "parent_action": 2304,
      "parent_margin": 0.028199306957612524,
      "parent_return": -1.3178402063840804,
      "parent_reward_margin": 0.023354563907593148,
      "parent_reward_return": 0.028659918654462782,
      "probe": "019_w008_slow-push_1194020.json",
      "probe_sha256": "4327a19d32cb5d8acb828cdd4412888f092a7d15ee24df64ca9ae3172561d108",
      "seed": 1194020,
      "state_sha256": "4f1e561b78efe8413f3e5fcaad942273ace34aeebdb09a2582b1f9770c60bcb4",
      "warmup_steps": 8
    },
    {
      "accepted": true,
      "best_action": 1368,
      "best_return": -1.3465428787077662,
      "best_reward_return": 0.0037192258803950837,
      "noop_margin": 0.05311715725660959,
      "noop_return": -1.3996600359643758,
      "noop_reward_margin": 0.04266548767342011,
      "noop_reward_return": -0.03894626179302503,
      "opponent": "split-lane",
      "opponent_randomness": null,
      "parent_action": 2304,
      "parent_margin": 0.05311715725660959,
      "parent_return": -1.3996600359643758,
      "parent_reward_margin": 0.04266548767342011,
      "parent_reward_return": -0.03894626179302503,
      "probe": "020_w008_split-lane_1194021.json",
      "probe_sha256": "b16994226b730f60f60da988985f3bf889053cb686a31a060ff369b8f0375f42",
      "seed": 1194021,
      "state_sha256": "60aa96b9cea6307365c99e743a3303260cd115423252c81ac3efb608bfe9450f",
      "warmup_steps": 8
    },
    {
      "accepted": true,
      "best_action": 1368,
      "best_return": -1.3465428787077662,
      "best_reward_return": 0.0037192258803950837,
      "noop_margin": 0.05311715725660959,
      "noop_return": -1.3996600359643758,
      "noop_reward_margin": 0.04266548767342011,
      "noop_reward_return": -0.03894626179302503,
      "opponent": "split-lane",
      "opponent_randomness": null,
      "parent_action": 2304,
      "parent_margin": 0.05311715725660959,
      "parent_return": -1.3996600359643758,
      "parent_reward_margin": 0.04266548767342011,
      "parent_reward_return": -0.03894626179302503,
      "probe": "021_w008_split-lane_1194022.json",
      "probe_sha256": "579889a62e5668b1e131530439308e07f138f294e4aa612020307fb028f3c515",
      "seed": 1194022,
      "state_sha256": "5eeaef272ffa9d080267c45832ca7336b2e68c247584f9aa685ff39a879cc0e2",
      "warmup_steps": 8
    },
    {
      "accepted": true,
      "best_action": 1398,
      "best_return": -1.3318191612181487,
      "best_reward_return": 0.009352761159789716,
      "noop_margin": 0.06784087474622713,
      "noop_return": -1.3996600359643758,
      "noop_reward_margin": 0.04829902295281475,
      "noop_reward_return": -0.03894626179302503,
      "opponent": "split-lane",
      "opponent_randomness": null,
      "parent_action": 2304,
      "parent_margin": 0.06784087474622713,
      "parent_return": -1.3996600359643758,
      "parent_reward_margin": 0.04829902295281475,
      "parent_reward_return": -0.03894626179302503,
      "probe": "022_w008_split-lane_1194023.json",
      "probe_sha256": "1862b88bdedb43ca66ec2dc52a56844877e14214db970ffbd551f6ae2ac60117",
      "seed": 1194023,
      "state_sha256": "3351df2bc6a79d0eeb96c438072962577594e75365f8a8c231f84be46d31da71",
      "warmup_steps": 8
    },
    {
      "accepted": true,
      "best_action": 1368,
      "best_return": -1.3465428787077662,
      "best_reward_return": 0.0037192258803950837,
      "noop_margin": 0.05311715725660959,
      "noop_return": -1.3996600359643758,
      "noop_reward_margin": 0.04266548767342011,
      "noop_reward_return": -0.03894626179302503,
      "opponent": "split-lane",
      "opponent_randomness": null,
      "parent_action": 2304,
      "parent_margin": 0.05311715725660959,
      "parent_return": -1.3996600359643758,
      "parent_reward_margin": 0.04266548767342011,
      "parent_reward_return": -0.03894626179302503,
      "probe": "023_w008_split-lane_1194024.json",
      "probe_sha256": "5a8614f589c209bd248faaeae12c51fb1daf01a0146b7f9386bbad0f9ee7b7e4",
      "seed": 1194024,
      "state_sha256": "ebe996722642ba4d2fe8de8e23ac43d48460799ccf0baf8b6213d42e6cc3c3ea",
      "warmup_steps": 8
    },
    {
      "accepted": true,
      "best_action": 191,
      "best_return": -1.3115986533049089,
      "best_reward_return": 0.02063465684128913,
      "noop_margin": 0.0959296799030811,
      "noop_return": -1.40752833320799,
      "noop_reward_margin": 0.0680399582836041,
      "noop_reward_return": -0.04740530144231496,
      "opponent": "random",
      "opponent_randomness": "common-quantile-v1",
      "parent_action": 2304,
      "parent_margin": 0.0959296799030811,
      "parent_return": -1.40752833320799,
      "parent_reward_margin": 0.0680399582836041,
      "parent_reward_return": -0.04740530144231496,
      "probe": "024_w008_random_1194025.json",
      "probe_sha256": "5caa71df21810e8ff26273954a8396a0b0314a7a20d145ff4227ded6cbf4e4d5",
      "seed": 1194025,
      "state_sha256": "a7b94325720140768437545a6de6df1c8e54010736b39609747a872e2dc847e5",
      "warmup_steps": 8
    },
    {
      "accepted": true,
      "best_action": 1368,
      "best_return": -1.299500640056676,
      "best_reward_return": 0.04545112472050629,
      "noop_margin": 0.051597710437834676,
      "noop_return": -1.3510983504945107,
      "noop_reward_margin": 0.05201447502999414,
      "noop_reward_return": -0.006563350309487848,
      "opponent": "random",
      "opponent_randomness": "common-quantile-v1",
      "parent_action": 2304,
      "parent_margin": 0.051597710437834676,
      "parent_return": -1.3510983504945107,
      "parent_reward_margin": 0.05201447502999414,
      "parent_reward_return": -0.006563350309487848,
      "probe": "025_w008_random_1194026.json",
      "probe_sha256": "dafd66e6ea7a78f2bddfe2bcccdd0bf615d676d34893ffe95996b3a940f356e7",
      "seed": 1194026,
      "state_sha256": "ca24ac6d9c1fc03c76b6f9c213d545cb0b034df0635cd6f5c651a6d7665ba8f6",
      "warmup_steps": 8
    },
    {
      "accepted": true,
      "best_action": 1368,
      "best_return": -1.3159883586254693,
      "best_reward_return": 0.02811296539378358,
      "noop_margin": 0.03291677258214909,
      "noop_return": -1.3489051312076183,
      "noop_reward_margin": 0.03467631611896892,
      "noop_reward_return": -0.006563350725185338,
      "opponent": "random",
      "opponent_randomness": "common-quantile-v1",
      "parent_action": 2304,
      "parent_margin": 0.03291677258214909,
      "parent_return": -1.3489051312076183,
      "parent_reward_margin": 0.03467631611896892,
      "parent_reward_return": -0.006563350725185338,
      "probe": "026_w008_random_1194027.json",
      "probe_sha256": "d2cff05e527bb6ec67cda5e486b13689398eb4fa028b89c43e6712cb6bc51555",
      "seed": 1194027,
      "state_sha256": "d25424148c9c04a592f8fcba7b34edc691de42c1771debffe5d5cf071dd2dc9b",
      "warmup_steps": 8
    },
    {
      "accepted": false,
      "best_action": 1368,
      "best_return": -1.3268291327821697,
      "best_reward_return": 0.0023638992182310123,
      "noop_margin": 0.022563082387589528,
      "noop_return": -1.3493922151697593,
      "noop_reward_margin": 0.014396694885830954,
      "noop_reward_return": -0.012032795667599941,
      "opponent": "random",
      "opponent_randomness": "common-quantile-v1",
      "parent_action": 2304,
      "parent_margin": 0.022563082387589528,
      "parent_return": -1.3493922151697593,
      "parent_reward_margin": 0.014396694885830954,
      "parent_reward_return": -0.012032795667599941,
      "probe": "027_w008_random_1194028.json",
      "probe_sha256": "b5f93944a77026f2832c1c5c8b5bb1e41c4a8570db480204f816ee7b110a6f60",
      "seed": 1194028,
      "state_sha256": "438ac0517a7e27c0842e25949648bab89a3926d9c33e0a94a63027fe7872fc9a",
      "warmup_steps": 8
    },
    {
      "accepted": true,
      "best_action": 207,
      "best_return": -1.4052015952287087,
      "best_reward_return": -0.05753182348034097,
      "noop_margin": 0.22427124344984928,
      "noop_return": -1.629472838678558,
      "noop_reward_margin": 0.20228196986301689,
      "noop_reward_return": -0.25981379334335786,
      "opponent": "balanced",
      "opponent_randomness": null,
      "parent_action": 2304,
      "parent_margin": 0.22427124344984928,
      "parent_return": -1.629472838678558,
      "parent_reward_margin": 0.20228196986301689,
      "parent_reward_return": -0.25981379334335786,
      "probe": "028_w020_balanced_1194029.json",
      "probe_sha256": "256f319570b02d03597354e0a63964eee1bf36734d0004d520859568c71c5821",
      "seed": 1194029,
      "state_sha256": "9398ba515983be43420e4f45f012821c4f5173ef5e0276f8abb13f83a29fefee",
      "warmup_steps": 20
    },
    {
      "accepted": true,
      "best_action": 207,
      "best_return": -1.4052015952287087,
      "best_reward_return": -0.05753182348034097,
      "noop_margin": 0.22427124344984928,
      "noop_return": -1.629472838678558,
      "noop_reward_margin": 0.20228196986301689,
      "noop_reward_return": -0.25981379334335786,
      "opponent": "balanced",
      "opponent_randomness": null,
      "parent_action": 2304,
      "parent_margin": 0.22427124344984928,
      "parent_return": -1.629472838678558,
      "parent_reward_margin": 0.20228196986301689,
      "parent_reward_return": -0.25981379334335786,
      "probe": "029_w020_balanced_1194030.json",
      "probe_sha256": "464d4dce467857838cd0115e2925a70769f53bd3820b9d5f2dc4cfb72ef134ac",
      "seed": 1194030,
      "state_sha256": "53af4c19a73f222ea3b605a195afe98ed83ed77a302cc29efb3e6ca04339e3ab",
      "warmup_steps": 20
    },
    {
      "accepted": true,
      "best_action": 207,
      "best_return": -1.4052015952287087,
      "best_reward_return": -0.05753182348034097,
      "noop_margin": 0.22427124344984928,
      "noop_return": -1.629472838678558,
      "noop_reward_margin": 0.20228196986301689,
      "noop_reward_return": -0.25981379334335786,
      "opponent": "balanced",
      "opponent_randomness": null,
      "parent_action": 2304,
      "parent_margin": 0.22427124344984928,
      "parent_return": -1.629472838678558,
      "parent_reward_margin": 0.20228196986301689,
      "parent_reward_return": -0.25981379334335786,
      "probe": "030_w020_balanced_1194031.json",
      "probe_sha256": "3a3c87c69458a0dcc2d542a5a29ca69378642663922edb4fb9425a12f35d0243",
      "seed": 1194031,
      "state_sha256": "b84658e9238b961c83b7f56a92a9d6a54a1e99746ea26b7eb5026d48b5398e31",
      "warmup_steps": 20
    },
    {
      "accepted": true,
      "best_action": 207,
      "best_return": -1.4052015952287087,
      "best_reward_return": -0.05753182348034097,
      "noop_margin": 0.22427124344984928,
      "noop_return": -1.629472838678558,
      "noop_reward_margin": 0.20228196986301689,
      "noop_reward_return": -0.25981379334335786,
      "opponent": "balanced",
      "opponent_randomness": null,
      "parent_action": 2304,
      "parent_margin": 0.22427124344984928,
      "parent_return": -1.629472838678558,
      "parent_reward_margin": 0.20228196986301689,
      "parent_reward_return": -0.25981379334335786,
      "probe": "031_w020_balanced_1194032.json",
      "probe_sha256": "5ea130d011e925d0e571c3cf251d7440694db564539b9a27da998d7643ab444c",
      "seed": 1194032,
      "state_sha256": "703784a0919a034daeaf2e76558811dab4b1080205c52c801364fa3ec4565a89",
      "warmup_steps": 20
    },
    {
      "accepted": true,
      "best_action": 1936,
      "best_return": -1.374540603896143,
      "best_reward_return": -0.031020932311750415,
      "noop_margin": 0.07276164273042518,
      "noop_return": -1.4473022466265681,
      "noop_reward_margin": 0.057210393822375485,
      "noop_reward_return": -0.0882313261341259,
      "opponent": "bridge-pressure",
      "opponent_randomness": null,
      "parent_action": 2304,
      "parent_margin": 0.07276164273042518,
      "parent_return": -1.4473022466265681,
      "parent_reward_margin": 0.057210393822375485,
      "parent_reward_return": -0.0882313261341259,
      "probe": "032_w020_bridge-pressure_1194033.json",
      "probe_sha256": "1c6d9eade6b1b688b22d8837ad176a5ce74493b0357d5cbdd09e9fa05159ca26",
      "seed": 1194033,
      "state_sha256": "46df432b9d5d8bed8cda7f6f1d876c13957ae52268d78be0e9e6cea25679580c",
      "warmup_steps": 20
    },
    {
      "accepted": true,
      "best_action": 1368,
      "best_return": -1.3889113813398566,
      "best_reward_return": -0.036216863979854665,
      "noop_margin": 0.05839086528671156,
      "noop_return": -1.4473022466265681,
      "noop_reward_margin": 0.05201446215427124,
      "noop_reward_return": -0.0882313261341259,
      "opponent": "bridge-pressure",
      "opponent_randomness": null,
      "parent_action": 2304,
      "parent_margin": 0.05839086528671156,
      "parent_return": -1.4473022466265681,
      "parent_reward_margin": 0.05201446215427124,
      "parent_reward_return": -0.0882313261341259,
      "probe": "033_w020_bridge-pressure_1194034.json",
      "probe_sha256": "33ea2971bde876c6f3ab4ee551a9d06e0ea51881ff386407d056e30376ba1e16",
      "seed": 1194034,
      "state_sha256": "a4883c46e887b69278c962336cce6dcf92b070805f9fd732008fb1619787bca0",
      "warmup_steps": 20
    },
    {
      "accepted": true,
      "best_action": 1368,
      "best_return": -1.3889113813398566,
      "best_reward_return": -0.036216863979854665,
      "noop_margin": 0.05839086528671156,
      "noop_return": -1.4473022466265681,
      "noop_reward_margin": 0.05201446215427124,
      "noop_reward_return": -0.0882313261341259,
      "opponent": "bridge-pressure",
      "opponent_randomness": null,
      "parent_action": 2304,
      "parent_margin": 0.05839086528671156,
      "parent_return": -1.4473022466265681,
      "parent_reward_margin": 0.05201446215427124,
      "parent_reward_return": -0.0882313261341259,
      "probe": "034_w020_bridge-pressure_1194035.json",
      "probe_sha256": "a1de5f9b59108783a6e41d4e719a637104022a14d376892d229022615327d486",
      "seed": 1194035,
      "state_sha256": "eca7c0ff67c7e45f43910b0b71e6cb14cdfbb163a390f7905b8e9e09b0d538e4",
      "warmup_steps": 20
    },
    {
      "accepted": true,
      "best_action": 1368,
      "best_return": -1.3889113813398566,
      "best_reward_return": -0.036216863979854665,
      "noop_margin": 0.05839086528671156,
      "noop_return": -1.4473022466265681,
      "noop_reward_margin": 0.05201446215427124,
      "noop_reward_return": -0.0882313261341259,
      "opponent": "bridge-pressure",
      "opponent_randomness": null,
      "parent_action": 2304,
      "parent_margin": 0.05839086528671156,
      "parent_return": -1.4473022466265681,
      "parent_reward_margin": 0.05201446215427124,
      "parent_reward_return": -0.0882313261341259,
      "probe": "035_w020_bridge-pressure_1194036.json",
      "probe_sha256": "32d0882d429a449724f0f8fe19abf5adde6e4c784785288b1b400c88ceade570",
      "seed": 1194036,
      "state_sha256": "f17dc6fc4385cd7bb1a1d284bde35335ea3468872a8c3b28baefc5e42dbd24bf",
      "warmup_steps": 20
    },
    {
      "accepted": false,
      "best_action": 1330,
      "best_return": -1.3109181452402643,
      "best_reward_return": 0.04266549810230098,
      "noop_margin": 0.01913991699116946,
      "noop_return": -1.3300580622314337,
      "noop_reward_margin": 0.007989165233862956,
      "noop_reward_return": 0.03467633286843803,
      "opponent": "reactive-defense",
      "opponent_randomness": null,
      "parent_action": 2304,
      "parent_margin": 0.01913991699116946,
      "parent_return": -1.3300580622314337,
      "parent_reward_margin": 0.007989165233862956,
      "parent_reward_return": 0.03467633286843803,
      "probe": "036_w020_reactive-defense_1194037.json",
      "probe_sha256": "bdccd234177de4efe828997caf05694e95012b89c473151c980f5a393228bc48",
      "seed": 1194037,
      "state_sha256": "75749f8c1d1ff7bea4dbb6f7f9f47921030b17fcf3d809fc987d5fff5c9731d7",
      "warmup_steps": 20
    },
    {
      "accepted": false,
      "best_action": 1368,
      "best_return": -1.3102053545755965,
      "best_reward_return": 0.03467633286843803,
      "noop_margin": 0.019852707655837243,
      "noop_return": -1.3300580622314337,
      "noop_reward_margin": 0.0,
      "noop_reward_return": 0.03467633286843803,
      "opponent": "reactive-defense",
      "opponent_randomness": null,
      "parent_action": 2304,
      "parent_margin": 0.019852707655837243,
      "parent_return": -1.3300580622314337,
      "parent_reward_margin": 0.0,
      "parent_reward_return": 0.03467633286843803,
      "probe": "037_w020_reactive-defense_1194038.json",
      "probe_sha256": "80865ad915585711cfbb87df4c63cd6e9c4e2ac88b4f3085ea6143cbf8950b08",
      "seed": 1194038,
      "state_sha256": "783b1d086ebc555070a8f982ae10d1480c3f5549b8199fb2d48ed586e87dc7bf",
      "warmup_steps": 20
    },
    {
      "accepted": false,
      "best_action": 1368,
      "best_return": -1.3102053545755965,
      "best_reward_return": 0.03467633286843803,
      "noop_margin": 0.019852707655837243,
      "noop_return": -1.3300580622314337,
      "noop_reward_margin": 0.0,
      "noop_reward_return": 0.03467633286843803,
      "opponent": "reactive-defense",
      "opponent_randomness": null,
      "parent_action": 2304,
      "parent_margin": 0.019852707655837243,
      "parent_return": -1.3300580622314337,
      "parent_reward_margin": 0.0,
      "parent_reward_return": 0.03467633286843803,
      "probe": "038_w020_reactive-defense_1194039.json",
      "probe_sha256": "f711b506390cb4767d45b01a638847996e80e50a686ce83ab16ea5474ac5a784",
      "seed": 1194039,
      "state_sha256": "f43d7bae44f1a3e42411cc0b53ee304f699b34b2aa10a255fd395667e85409e0",
      "warmup_steps": 20
    },
    {
      "accepted": false,
      "best_action": 1368,
      "best_return": -1.3102053545755965,
      "best_reward_return": 0.03467633286843803,
      "noop_margin": 0.019852707655837243,
      "noop_return": -1.3300580622314337,
      "noop_reward_margin": 0.0,
      "noop_reward_return": 0.03467633286843803,
      "opponent": "reactive-defense",
      "opponent_randomness": null,
      "parent_action": 2304,
      "parent_margin": 0.019852707655837243,
      "parent_return": -1.3300580622314337,
      "parent_reward_margin": 0.0,
      "parent_reward_return": 0.03467633286843803,
      "probe": "039_w020_reactive-defense_1194040.json",
      "probe_sha256": "369b01695b85883404725168444322fbbfcc2ae2c025f5188645ae2a4ea99bdc",
      "seed": 1194040,
      "state_sha256": "9bfc4cdfe8ba5414c5b00a4876457e8867e6422f999de0179c6c4f7772f875c9",
      "warmup_steps": 20
    },
    {
      "accepted": false,
      "best_action": 1368,
      "best_return": -1.266440645518136,
      "best_reward_return": 0.07089086988756625,
      "noop_margin": 0.022902709956460487,
      "noop_return": -1.2893433554745966,
      "noop_reward_margin": 0.0,
      "noop_reward_return": 0.07089086988756625,
      "opponent": "spell-control",
      "opponent_randomness": null,
      "parent_action": 2304,
      "parent_margin": 0.022902709956460487,
      "parent_return": -1.2893433554745966,
      "parent_reward_margin": 0.0,
      "parent_reward_return": 0.07089086988756625,
      "probe": "040_w020_spell-control_1194041.json",
      "probe_sha256": "8e2d54ffc23e741de522f9b25bced5507b18b91d84ffb4861b3638e921b47d64",
      "seed": 1194041,
      "state_sha256": "68e45fb2adab9ac8f3ce21705f8914b758c6a97bf8b414d01a081a64b52559d2",
      "warmup_steps": 20
    },
    {
      "accepted": false,
      "best_action": 1368,
      "best_return": -1.266440645518136,
      "best_reward_return": 0.07089086988756625,
      "noop_margin": 0.022902709956460487,
      "noop_return": -1.2893433554745966,
      "noop_reward_margin": 0.0,
      "noop_reward_return": 0.07089086988756625,
      "opponent": "spell-control",
      "opponent_randomness": null,
      "parent_action": 2304,
      "parent_margin": 0.022902709956460487,
      "parent_return": -1.2893433554745966,
      "parent_reward_margin": 0.0,
      "parent_reward_return": 0.07089086988756625,
      "probe": "041_w020_spell-control_1194042.json",
      "probe_sha256": "aaee9b102ff0ad389f299512747c87eb5207d91093f73d8b4df556521738effa",
      "seed": 1194042,
      "state_sha256": "a95bd2710810cef724053749e9310cf4619ce972e70e5eaeea43f0a87874c638",
      "warmup_steps": 20
    },
    {
      "accepted": false,
      "best_action": 1368,
      "best_return": -1.266440645518136,
      "best_reward_return": 0.07089086988756625,
      "noop_margin": 0.022902709956460487,
      "noop_return": -1.2893433554745966,
      "noop_reward_margin": 0.0,
      "noop_reward_return": 0.07089086988756625,
      "opponent": "spell-control",
      "opponent_randomness": null,
      "parent_action": 2304,
      "parent_margin": 0.022902709956460487,
      "parent_return": -1.2893433554745966,
      "parent_reward_margin": 0.0,
      "parent_reward_return": 0.07089086988756625,
      "probe": "042_w020_spell-control_1194043.json",
      "probe_sha256": "14d0c76794fbaed62c94a3a4d04671049073d0f33acefaa2fac64ba6563ff1f0",
      "seed": 1194043,
      "state_sha256": "422585c1a980999407401f4b2d3ad9b4ee0ba214f5e5999ad9aecb202f623cbf",
      "warmup_steps": 20
    },
    {
      "accepted": false,
      "best_action": 1368,
      "best_return": -1.266440645518136,
      "best_reward_return": 0.07089086988756625,
      "noop_margin": 0.022902709956460487,
      "noop_return": -1.2893433554745966,
      "noop_reward_margin": 0.0,
      "noop_reward_return": 0.07089086988756625,
      "opponent": "spell-control",
      "opponent_randomness": null,
      "parent_action": 2304,
      "parent_margin": 0.022902709956460487,
      "parent_return": -1.2893433554745966,
      "parent_reward_margin": 0.0,
      "parent_reward_return": 0.07089086988756625,
      "probe": "043_w020_spell-control_1194044.json",
      "probe_sha256": "2b4fdbe777ba216e7ae86d79c5a21d845961b9040cd9b33b167c90e634148b1e",
      "seed": 1194044,
      "state_sha256": "0786f11731cd31e85092443787ceb59be724c70ec1b6f86405200bcf7f649c28",
      "warmup_steps": 20
    },
    {
      "accepted": false,
      "best_action": 208,
      "best_return": -1.2574304978302175,
      "best_reward_return": 0.08669080298536236,
      "noop_margin": 0.015260170250272376,
      "noop_return": -1.27269066808049,
      "noop_reward_margin": 0.01203280782141071,
      "noop_reward_return": 0.07465799516395165,
      "opponent": "slow-push",
      "opponent_randomness": null,
      "parent_action": 2304,
      "parent_margin": 0.015260170250272376,
      "parent_return": -1.27269066808049,
      "parent_reward_margin": 0.01203280782141071,
      "parent_reward_return": 0.07465799516395165,
      "probe": "044_w020_slow-push_1194045.json",
      "probe_sha256": "826517d61efb699070e72e645739376aa087f0c5e88b0eed14611f0cf579838d",
      "seed": 1194045,
      "state_sha256": "697156212bed613e8fb3e0f7d70cfc61dd1860d43fa85924afaf63f6024bb4d4",
      "warmup_steps": 20
    },
    {
      "accepted": false,
      "best_action": 208,
      "best_return": -1.2574304978302175,
      "best_reward_return": 0.08669080298536236,
      "noop_margin": 0.015260170250272376,
      "noop_return": -1.27269066808049,
      "noop_reward_margin": 0.01203280782141071,
      "noop_reward_return": 0.07465799516395165,
      "opponent": "slow-push",
      "opponent_randomness": null,
      "parent_action": 2304,
      "parent_margin": 0.015260170250272376,
      "parent_return": -1.27269066808049,
      "parent_reward_margin": 0.01203280782141071,
      "parent_reward_return": 0.07465799516395165,
      "probe": "045_w020_slow-push_1194046.json",
      "probe_sha256": "7807a8dbfb51b1489254e6cd6d4adde077c59735dcba203e215667f43ec4bf5b",
      "seed": 1194046,
      "state_sha256": "a585f4ecbb1922961ce6b8268448c2a52d1c85082c1ede51b2d4dd77d04fc4d1",
      "warmup_steps": 20
    },
    {
      "accepted": false,
      "best_action": 1038,
      "best_return": -1.252142577951585,
      "best_reward_return": 0.08913292781471653,
      "noop_margin": 0.020548090128905017,
      "noop_return": -1.27269066808049,
      "noop_reward_margin": 0.014474932650764882,
      "noop_reward_return": 0.07465799516395165,
      "opponent": "slow-push",
      "opponent_randomness": null,
      "parent_action": 2304,
      "parent_margin": 0.020548090128905017,
      "parent_return": -1.27269066808049,
      "parent_reward_margin": 0.014474932650764882,
      "parent_reward_return": 0.07465799516395165,
      "probe": "046_w020_slow-push_1194047.json",
      "probe_sha256": "ba4ced102c1bc767cf0c16de0c0ebbd6b9b0b318c016744ecd00980d624c1a47",
      "seed": 1194047,
      "state_sha256": "5090e67a2ba99f804d6f447efcf2617d0e063e1bbeffed88362c5de095331381",
      "warmup_steps": 20
    },
    {
      "accepted": false,
      "best_action": 208,
      "best_return": -1.2574304978302175,
      "best_reward_return": 0.08669080298536236,
      "noop_margin": 0.015260170250272376,
      "noop_return": -1.27269066808049,
      "noop_reward_margin": 0.01203280782141071,
      "noop_reward_return": 0.07465799516395165,
      "opponent": "slow-push",
      "opponent_randomness": null,
      "parent_action": 2304,
      "parent_margin": 0.015260170250272376,
      "parent_return": -1.27269066808049,
      "parent_reward_margin": 0.01203280782141071,
      "parent_reward_return": 0.07465799516395165,
      "probe": "047_w020_slow-push_1194048.json",
      "probe_sha256": "83341c2015964fe8817eb8f4b9c93271e8928a9f5f5d6728efb798088c87cfea",
      "seed": 1194048,
      "state_sha256": "24511ef0012bd1e682635c9df75b4b86dc34c359beca6175213683f39f3c6b10",
      "warmup_steps": 20
    },
    {
      "accepted": true,
      "best_action": 786,
      "best_return": -1.368767685654825,
      "best_reward_return": -0.016569417282950815,
      "noop_margin": 0.07787353468789404,
      "noop_return": -1.446641220342719,
      "noop_reward_margin": 0.06628974094882793,
      "noop_reward_return": -0.08285915823177875,
      "opponent": "split-lane",
      "opponent_randomness": null,
      "parent_action": 2304,
      "parent_margin": 0.07787353468789404,
      "parent_return": -1.446641220342719,
      "parent_reward_margin": 0.06628974094882793,
      "parent_reward_return": -0.08285915823177875,
      "probe": "048_w020_split-lane_1194049.json",
      "probe_sha256": "7f2c6dd1014515d2153448405942a91352380684ab006d94032bb20fe537b2b5",
      "seed": 1194049,
      "state_sha256": "b07d2a4dd7ec085d8ed5fb264033d7cd4278c9316942d48012ed8382362d4c3c",
      "warmup_steps": 20
    },
    {
      "accepted": true,
      "best_action": 786,
      "best_return": -1.368767685654825,
      "best_reward_return": -0.016569417282950815,
      "noop_margin": 0.07787353468789404,
      "noop_return": -1.446641220342719,
      "noop_reward_margin": 0.06628974094882793,
      "noop_reward_return": -0.08285915823177875,
      "opponent": "split-lane",
      "opponent_randomness": null,
      "parent_action": 2304,
      "parent_margin": 0.07787353468789404,
      "parent_return": -1.446641220342719,
      "parent_reward_margin": 0.06628974094882793,
      "parent_reward_return": -0.08285915823177875,
      "probe": "049_w020_split-lane_1194050.json",
      "probe_sha256": "aca05a2b7b560423043ce7c94ca2d0b6db5c44a9307754cee6b568f94d8b22f6",
      "seed": 1194050,
      "state_sha256": "e8dc6d80488af8428bfca3da4a36caee833d5e2136f86ae8a9985a26b7152671",
      "warmup_steps": 20
    },
    {
      "accepted": true,
      "best_action": 786,
      "best_return": -1.368767685654825,
      "best_reward_return": -0.016569417282950815,
      "noop_margin": 0.07787353468789404,
      "noop_return": -1.446641220342719,
      "noop_reward_margin": 0.06628974094882793,
      "noop_reward_return": -0.08285915823177875,
      "opponent": "split-lane",
      "opponent_randomness": null,
      "parent_action": 2304,
      "parent_margin": 0.07787353468789404,
      "parent_return": -1.446641220342719,
      "parent_reward_margin": 0.06628974094882793,
      "parent_reward_return": -0.08285915823177875,
      "probe": "050_w020_split-lane_1194051.json",
      "probe_sha256": "0708dedfba9ee3a0a79883f86253923cace9ce765dd232ab55d9f914f28abb9e",
      "seed": 1194051,
      "state_sha256": "65e97ee981bc8ca2c6219187c4a1d50a3a3c73d71a67738017723e45bef38445",
      "warmup_steps": 20
    },
    {
      "accepted": true,
      "best_action": 786,
      "best_return": -1.368767685654825,
      "best_reward_return": -0.016569417282950815,
      "noop_margin": 0.07787353468789404,
      "noop_return": -1.446641220342719,
      "noop_reward_margin": 0.06628974094882793,
      "noop_reward_return": -0.08285915823177875,
      "opponent": "split-lane",
      "opponent_randomness": null,
      "parent_action": 2304,
      "parent_margin": 0.07787353468789404,
      "parent_return": -1.446641220342719,
      "parent_reward_margin": 0.06628974094882793,
      "parent_reward_return": -0.08285915823177875,
      "probe": "051_w020_split-lane_1194052.json",
      "probe_sha256": "2245d85eadcdaaa2de2349708fc7852fd7b072a39ca98f6f423160097afa1109",
      "seed": 1194052,
      "state_sha256": "f9c79991d9d733e17cc9967920a1a5240277c143956ee0479b4db4c41210b762",
      "warmup_steps": 20
    },
    {
      "accepted": false,
      "best_action": 1368,
      "best_return": -1.3354812868814174,
      "best_reward_return": 0.017338164728631103,
      "noop_margin": 0.007499549635391123,
      "noop_return": -1.3429808365168086,
      "noop_reward_margin": 6.620555149244867e-09,
      "noop_reward_return": 0.017338158108075954,
      "opponent": "random",
      "opponent_randomness": "common-quantile-v1",
      "parent_action": 2304,
      "parent_margin": 0.007499549635391123,
      "parent_return": -1.3429808365168086,
      "parent_reward_margin": 6.620555149244867e-09,
      "parent_reward_return": 0.017338158108075954,
      "probe": "052_w020_random_1194053.json",
      "probe_sha256": "bb280320568840814806657d46f08dab92d303220383140cba3d4c76f4a604c9",
      "seed": 1194053,
      "state_sha256": "c36ff00a12cd2d90dae992e8a36773272a4295930664cb8fbcc996c23779f52b",
      "warmup_steps": 20
    },
    {
      "accepted": true,
      "best_action": 1368,
      "best_return": -1.3498013877852906,
      "best_reward_return": -0.0041567769767601815,
      "noop_margin": 0.05846601064664014,
      "noop_return": -1.4082673984319307,
      "noop_reward_margin": 0.05201445670896906,
      "noop_reward_return": -0.05617123368572924,
      "opponent": "random",
      "opponent_randomness": "common-quantile-v1",
      "parent_action": 2304,
      "parent_margin": 0.05846601064664014,
      "parent_return": -1.4082673984319307,
      "parent_reward_margin": 0.05201445670896906,
      "parent_reward_return": -0.05617123368572924,
      "probe": "053_w020_random_1194054.json",
      "probe_sha256": "1f289161c150053f6f97b2796b76254555cc1dc00fc956200ff56ed3764a87ae",
      "seed": 1194054,
      "state_sha256": "86f920ca64ea67ca2617d477d13942b7c15148105b1816340835aed7946fd19f",
      "warmup_steps": 20
    },
    {
      "accepted": true,
      "best_action": 1368,
      "best_return": -1.293921411374773,
      "best_reward_return": 0.04545111957102606,
      "noop_margin": 0.037116973183413116,
      "noop_return": -1.3310383845581861,
      "noop_reward_margin": 0.03467631601943723,
      "noop_reward_return": 0.010774803551588828,
      "opponent": "random",
      "opponent_randomness": "common-quantile-v1",
      "parent_action": 2304,
      "parent_margin": 0.037116973183413116,
      "parent_return": -1.3310383845581861,
      "parent_reward_margin": 0.03467631601943723,
      "parent_reward_return": 0.010774803551588828,
      "probe": "054_w020_random_1194055.json",
      "probe_sha256": "4e930c921100dc7a01f415849113961fa432b7d19887536e92ce1896e60288d5",
      "seed": 1194055,
      "state_sha256": "34e1874a36f935a4a2b080cf94288bfb4aec65f71908d047079957c62ea5a38a",
      "warmup_steps": 20
    },
    {
      "accepted": true,
      "best_action": 1368,
      "best_return": -1.2984442866666248,
      "best_reward_return": 0.033862694522113226,
      "noop_margin": 0.05282198779843683,
      "noop_return": -1.3512662744650616,
      "noop_reward_margin": 0.05201446015854347,
      "noop_reward_return": -0.018151765636430242,
      "opponent": "random",
      "opponent_randomness": "common-quantile-v1",
      "parent_action": 2304,
      "parent_margin": 0.05282198779843683,
      "parent_return": -1.3512662744650616,
      "parent_reward_margin": 0.05201446015854347,
      "parent_reward_return": -0.018151765636430242,
      "probe": "055_w020_random_1194056.json",
      "probe_sha256": "b21cd9a9761eaf77ecfdec16f45e4900daf408bb4790f82e7aab896676be7a88",
      "seed": 1194056,
      "state_sha256": "cc6027d15311ea6c46bf88f45129fedf401b07d9aa5cede3f34a49d3cefdf305",
      "warmup_steps": 20
    },
    {
      "accepted": true,
      "best_action": 1307,
      "best_return": -1.271657068644346,
      "best_reward_return": 0.07305254353820351,
      "noop_margin": 0.034884103014398704,
      "noop_return": -1.3065411716587447,
      "noop_reward_margin": 0.03536566007295317,
      "noop_reward_return": 0.037686883465250336,
      "opponent": "balanced",
      "opponent_randomness": null,
      "parent_action": 2304,
      "parent_margin": 0.034884103014398704,
      "parent_return": -1.3065411716587447,
      "parent_reward_margin": 0.03536566007295317,
      "parent_reward_return": 0.037686883465250336,
      "probe": "056_w040_balanced_1194057.json",
      "probe_sha256": "85792e1f714e658e77d04232acec512045b26ff4bb76e2f54310e262dcfa0a8b",
      "seed": 1194057,
      "state_sha256": "194101367ab32aa4e2c8607900f490dce668a3a5e9e5b2363934abb0b5c6bd4d",
      "warmup_steps": 40
    },
    {
      "accepted": false,
      "best_action": 805,
      "best_return": -1.2959421635243784,
      "best_reward_return": 0.04312278817638295,
      "noop_margin": 0.010599008134366317,
      "noop_return": -1.3065411716587447,
      "noop_reward_margin": 0.005435904711132616,
      "noop_reward_return": 0.037686883465250336,
      "opponent": "balanced",
      "opponent_randomness": null,
      "parent_action": 2304,
      "parent_margin": 0.010599008134366317,
      "parent_return": -1.3065411716587447,
      "parent_reward_margin": 0.005435904711132616,
      "parent_reward_return": 0.037686883465250336,
      "probe": "057_w040_balanced_1194058.json",
      "probe_sha256": "a1735b5e6290df28fd64d74daedba30e9d6b008e10b0f9ffe2ccffe1ea727095",
      "seed": 1194058,
      "state_sha256": "04da756cdbf1539b362f390652d111ded5964f615cbef3bb912514b73119fc19",
      "warmup_steps": 40
    },
    {
      "accepted": false,
      "best_action": 805,
      "best_return": -1.2959421635243784,
      "best_reward_return": 0.04312278817638295,
      "noop_margin": 0.010599008134366317,
      "noop_return": -1.3065411716587447,
      "noop_reward_margin": 0.005435904711132616,
      "noop_reward_return": 0.037686883465250336,
      "opponent": "balanced",
      "opponent_randomness": null,
      "parent_action": 2304,
      "parent_margin": 0.010599008134366317,
      "parent_return": -1.3065411716587447,
      "parent_reward_margin": 0.005435904711132616,
      "parent_reward_return": 0.037686883465250336,
      "probe": "058_w040_balanced_1194059.json",
      "probe_sha256": "ee952cc09e0bf227f8ff9606c1af09dca0d8b7204d0c3fc9e3130cf4f6f18d40",
      "seed": 1194059,
      "state_sha256": "a2fa21d3d96aa68a91dcad573d3efa267aaf3160de4dd68316999eae778f4441",
      "warmup_steps": 40
    },
    {
      "accepted": false,
      "best_action": 805,
      "best_return": -1.2959421635243784,
      "best_reward_return": 0.04312278817638295,
      "noop_margin": 0.010599008134366317,
      "noop_return": -1.3065411716587447,
      "noop_reward_margin": 0.005435904711132616,
      "noop_reward_return": 0.037686883465250336,
      "opponent": "balanced",
      "opponent_randomness": null,
      "parent_action": 2304,
      "parent_margin": 0.010599008134366317,
      "parent_return": -1.3065411716587447,
      "parent_reward_margin": 0.005435904711132616,
      "parent_reward_return": 0.037686883465250336,
      "probe": "059_w040_balanced_1194060.json",
      "probe_sha256": "463e53753bd659135ce041d1a32646b3b725559aa81f2ffa52290627e46fd8ba",
      "seed": 1194060,
      "state_sha256": "86ed6266c5eaeee3b461d8f71c110d3bc216339e7f6f669015e10f5b8b18b63b",
      "warmup_steps": 40
    },
    {
      "accepted": true,
      "best_action": 805,
      "best_return": -1.3532190687085017,
      "best_reward_return": -0.009237288375206886,
      "noop_margin": 0.11731230581232621,
      "noop_return": -1.470531374520828,
      "noop_reward_margin": 0.10853562189790487,
      "noop_reward_return": -0.11777291027311176,
      "opponent": "bridge-pressure",
      "opponent_randomness": null,
      "parent_action": 2304,
      "parent_margin": 0.11731230581232621,
      "parent_return": -1.470531374520828,
      "parent_reward_margin": 0.10853562189790487,
      "parent_reward_return": -0.11777291027311176,
      "probe": "060_w040_bridge-pressure_1194061.json",
      "probe_sha256": "0c05d865243e11c6189f6386824c8d3252b685bad7df6d44b5b387046b80b7f4",
      "seed": 1194061,
      "state_sha256": "a3d3948d5eced8a5fd29f59b480cf7f296c589447489796002bf06024297da01",
      "warmup_steps": 40
    },
    {
      "accepted": true,
      "best_action": 805,
      "best_return": -1.3532190687085017,
      "best_reward_return": -0.009237288375206886,
      "noop_margin": 0.11731230581232621,
      "noop_return": -1.470531374520828,
      "noop_reward_margin": 0.10853562189790487,
      "noop_reward_return": -0.11777291027311176,
      "opponent": "bridge-pressure",
      "opponent_randomness": null,
      "parent_action": 2304,
      "parent_margin": 0.11731230581232621,
      "parent_return": -1.470531374520828,
      "parent_reward_margin": 0.10853562189790487,
      "parent_reward_return": -0.11777291027311176,
      "probe": "061_w040_bridge-pressure_1194062.json",
      "probe_sha256": "f119db7bd7df59cfa11de33c3158d2097230d16db5cc79938f47e79714f223c0",
      "seed": 1194062,
      "state_sha256": "bc995ad82b246cef9344932b1b8437b323f602e7c35e2b1b31a19bb27febeff4",
      "warmup_steps": 40
    },
    {
      "accepted": true,
      "best_action": 805,
      "best_return": -1.3532190687085017,
      "best_reward_return": -0.009237288375206886,
      "noop_margin": 0.11731230581232621,
      "noop_return": -1.470531374520828,
      "noop_reward_margin": 0.10853562189790487,
      "noop_reward_return": -0.11777291027311176,
      "opponent": "bridge-pressure",
      "opponent_randomness": null,
      "parent_action": 2304,
      "parent_margin": 0.11731230581232621,
      "parent_return": -1.470531374520828,
      "parent_reward_margin": 0.10853562189790487,
      "parent_reward_return": -0.11777291027311176,
      "probe": "062_w040_bridge-pressure_1194063.json",
      "probe_sha256": "5f00096c0a669484152886b797d923302b9da981615a9dddc441f133aebbfabd",
      "seed": 1194063,
      "state_sha256": "e87f1a6bb1a9fa5eacb3fc7a395236c48173a4fce7123e977aaf7b6ff624e9d2",
      "warmup_steps": 40
    },
    {
      "accepted": true,
      "best_action": 805,
      "best_return": -1.3532190687085017,
      "best_reward_return": -0.009237288375206886,
      "noop_margin": 0.11731230581232621,
      "noop_return": -1.470531374520828,
      "noop_reward_margin": 0.10853562189790487,
      "noop_reward_return": -0.11777291027311176,
      "opponent": "bridge-pressure",
      "opponent_randomness": null,
      "parent_action": 2304,
      "parent_margin": 0.11731230581232621,
      "parent_return": -1.470531374520828,
      "parent_reward_margin": 0.10853562189790487,
      "parent_reward_return": -0.11777291027311176,
      "probe": "063_w040_bridge-pressure_1194064.json",
      "probe_sha256": "0bc7aaf917fb16d99ca2778f1ab0fa3ffaf270c8ea58a95c00d4077c4f4abd04",
      "seed": 1194064,
      "state_sha256": "09fa7bb253574c4aa6f802dce28b30bfa7ad20307c90685b1948a82cf73645a1",
      "warmup_steps": 40
    },
    {
      "accepted": false,
      "best_action": 1350,
      "best_return": -1.3421280699540088,
      "best_reward_return": -0.004432850018349176,
      "noop_margin": 0.007807545049214326,
      "noop_return": -1.3499356150032231,
      "noop_reward_margin": 0.0,
      "noop_reward_return": -0.004432850018349176,
      "opponent": "reactive-defense",
      "opponent_randomness": null,
      "parent_action": 2304,
      "parent_margin": 0.007807545049214326,
      "parent_return": -1.3499356150032231,
      "parent_reward_margin": 0.0,
      "parent_reward_return": -0.004432850018349176,
      "probe": "064_w040_reactive-defense_1194065.json",
      "probe_sha256": "1d742e2e23f48dbd03f8df557f3c5eff417221c3b20eae83ef9c1c7fa2f6cf29",
      "seed": 1194065,
      "state_sha256": "24040e21ce7567d34f6abacfde60c253d8a578019e2be08cc547815b4c5b63f2",
      "warmup_steps": 40
    },
    {
      "accepted": false,
      "best_action": 1350,
      "best_return": -1.3421280699540088,
      "best_reward_return": -0.004432850018349176,
      "noop_margin": 0.007807545049214326,
      "noop_return": -1.3499356150032231,
      "noop_reward_margin": 0.0,
      "noop_reward_return": -0.004432850018349176,
      "opponent": "reactive-defense",
      "opponent_randomness": null,
      "parent_action": 2304,
      "parent_margin": 0.007807545049214326,
      "parent_return": -1.3499356150032231,
      "parent_reward_margin": 0.0,
      "parent_reward_return": -0.004432850018349176,
      "probe": "065_w040_reactive-defense_1194066.json",
      "probe_sha256": "5f00898b80236bf5334e8104c982c9223826c9e071837583b64ad58428d5c43e",
      "seed": 1194066,
      "state_sha256": "431f23fea2453a17aef59f367a4498bd88ca1b47dc3a733f1fe83b08d40c62ee",
      "warmup_steps": 40
    },
    {
      "accepted": false,
      "best_action": 1350,
      "best_return": -1.3421280699540088,
      "best_reward_return": -0.004432850018349176,
      "noop_margin": 0.007807545049214326,
      "noop_return": -1.3499356150032231,
      "noop_reward_margin": 0.0,
      "noop_reward_return": -0.004432850018349176,
      "opponent": "reactive-defense",
      "opponent_randomness": null,
      "parent_action": 2304,
      "parent_margin": 0.007807545049214326,
      "parent_return": -1.3499356150032231,
      "parent_reward_margin": 0.0,
      "parent_reward_return": -0.004432850018349176,
      "probe": "066_w040_reactive-defense_1194067.json",
      "probe_sha256": "8b877d8837b708299295ffa153241a0286fc20d78689a8bbd7327e1a50cac763",
      "seed": 1194067,
      "state_sha256": "717fd86bfc8d2de2db0f41c1f558650cf42f5a06d5ef631390d3e9c646cf6b90",
      "warmup_steps": 40
    },
    {
      "accepted": false,
      "best_action": 258,
      "best_return": -1.342120142653879,
      "best_reward_return": -0.004432850018349176,
      "noop_margin": 0.00781547234934421,
      "noop_return": -1.3499356150032231,
      "noop_reward_margin": 0.0,
      "noop_reward_return": -0.004432850018349176,
      "opponent": "reactive-defense",
      "opponent_randomness": null,
      "parent_action": 2304,
      "parent_margin": 0.00781547234934421,
      "parent_return": -1.3499356150032231,
      "parent_reward_margin": 0.0,
      "parent_reward_return": -0.004432850018349176,
      "probe": "067_w040_reactive-defense_1194068.json",
      "probe_sha256": "6d7be9c73b9aaea12db9090b621c695f7952170954e079c7220f7162f120a1b5",
      "seed": 1194068,
      "state_sha256": "df2ee167b094d191e927f59fa005dc34124eefafc4eeb391ad41a6d377495bdc",
      "warmup_steps": 40
    },
    {
      "accepted": true,
      "best_action": 1920,
      "best_return": -1.3739593060378075,
      "best_reward_return": -0.029424094458114666,
      "noop_margin": 0.045218439878599304,
      "noop_return": -1.4191777459164068,
      "noop_reward_margin": 0.04419317572847303,
      "noop_reward_return": -0.0736172701865877,
      "opponent": "spell-control",
      "opponent_randomness": null,
      "parent_action": 2304,
      "parent_margin": 0.045218439878599304,
      "parent_return": -1.4191777459164068,
      "parent_reward_margin": 0.04419317572847303,
      "parent_reward_return": -0.0736172701865877,
      "probe": "068_w040_spell-control_1194069.json",
      "probe_sha256": "20ce3611ac2aa5cf958bbaac8e922f62c873d0cebc65104198e42db01660212b",
      "seed": 1194069,
      "state_sha256": "391ef95fbb4b285faa8c890ed9c1ff7d3f312f30e4dc4de38f9f09057c5241b4",
      "warmup_steps": 40
    },
    {
      "accepted": false,
      "best_action": 1985,
      "best_return": -1.4069846070406933,
      "best_reward_return": -0.0736172701865877,
      "noop_margin": 0.012193138875713494,
      "noop_return": -1.4191777459164068,
      "noop_reward_margin": 0.0,
      "noop_reward_return": -0.0736172701865877,
      "opponent": "spell-control",
      "opponent_randomness": null,
      "parent_action": 2304,
      "parent_margin": 0.012193138875713494,
      "parent_return": -1.4191777459164068,
      "parent_reward_margin": 0.0,
      "parent_reward_return": -0.0736172701865877,
      "probe": "069_w040_spell-control_1194070.json",
      "probe_sha256": "aa4ce6d5427bd83e47f801e298b8a29bffe3d5e08fd542c95f54ac81bdd7169b",
      "seed": 1194070,
      "state_sha256": "c18b84a7715ea7df409d3d6b9966c717de94cffbc0bf901b4e8b0909cf2d0ea6",
      "warmup_steps": 40
    },
    {
      "accepted": false,
      "best_action": 1985,
      "best_return": -1.4069846070406933,
      "best_reward_return": -0.0736172701865877,
      "noop_margin": 0.012193138875713494,
      "noop_return": -1.4191777459164068,
      "noop_reward_margin": 0.0,
      "noop_reward_return": -0.0736172701865877,
      "opponent": "spell-control",
      "opponent_randomness": null,
      "parent_action": 2304,
      "parent_margin": 0.012193138875713494,
      "parent_return": -1.4191777459164068,
      "parent_reward_margin": 0.0,
      "parent_reward_return": -0.0736172701865877,
      "probe": "070_w040_spell-control_1194071.json",
      "probe_sha256": "429d4e257fce615a5241cd459342c45bc2d9353307b41b0a16721c1f397bfdad",
      "seed": 1194071,
      "state_sha256": "1b56d52acd57c090a5ae290e8181e58bdedbcc8f72bfebe27fd01d6f1fe1c238",
      "warmup_steps": 40
    },
    {
      "accepted": true,
      "best_action": 265,
      "best_return": -1.37201553204597,
      "best_reward_return": -0.029424094458114666,
      "noop_margin": 0.04716221387043684,
      "noop_return": -1.4191777459164068,
      "noop_reward_margin": 0.04419317572847303,
      "noop_reward_return": -0.0736172701865877,
      "opponent": "spell-control",
      "opponent_randomness": null,
      "parent_action": 2304,
      "parent_margin": 0.04716221387043684,
      "parent_return": -1.4191777459164068,
      "parent_reward_margin": 0.04419317572847303,
      "parent_reward_return": -0.0736172701865877,
      "probe": "071_w040_spell-control_1194072.json",
      "probe_sha256": "127efee17918bce14adaadb0d2b76a0a8fe982c779cc42aaf753f2cf02386aa1",
      "seed": 1194072,
      "state_sha256": "e4f2ab4214e7dbe6ea190cb078f5848f22454931a654b2ba2ab7f5aba332f567",
      "warmup_steps": 40
    },
    {
      "accepted": true,
      "best_action": 1368,
      "best_return": -1.1584389393242742,
      "best_reward_return": 0.17832730673350264,
      "noop_margin": 0.1252695952801166,
      "noop_return": -1.2837085346043908,
      "noop_reward_margin": 0.11641163011503025,
      "noop_reward_return": 0.061915676618472394,
      "opponent": "slow-push",
      "opponent_randomness": null,
      "parent_action": 2304,
      "parent_margin": 0.1252695952801166,
      "parent_return": -1.2837085346043908,
      "parent_reward_margin": 0.11641163011503025,
      "parent_reward_return": 0.061915676618472394,
      "probe": "072_w040_slow-push_1194073.json",
      "probe_sha256": "7691ba5572a7b1b242035f840165057e916ef2b32b8787153ba7b5f3d98fb0e4",
      "seed": 1194073,
      "state_sha256": "142e61dd1ecd67fe9349284d7d6cf9f17e67b501a51e54d67f410dc7a7c3ba24",
      "warmup_steps": 40
    },
    {
      "accepted": true,
      "best_action": 1368,
      "best_return": -1.1584389393242742,
      "best_reward_return": 0.17832730673350264,
      "noop_margin": 0.1252695952801166,
      "noop_return": -1.2837085346043908,
      "noop_reward_margin": 0.11641163011503025,
      "noop_reward_return": 0.061915676618472394,
      "opponent": "slow-push",
      "opponent_randomness": null,
      "parent_action": 2304,
      "parent_margin": 0.1252695952801166,
      "parent_return": -1.2837085346043908,
      "parent_reward_margin": 0.11641163011503025,
      "parent_reward_return": 0.061915676618472394,
      "probe": "073_w040_slow-push_1194074.json",
      "probe_sha256": "04d8a060fb35182ebdaad10b02bf19e883464a8b03eb7e37ffa59851e44c3b7e",
      "seed": 1194074,
      "state_sha256": "5686a18e185c44fe27b9fc5e3b23b6d01fe57d60d4feaa7c97d9d54e852ff734",
      "warmup_steps": 40
    },
    {
      "accepted": true,
      "best_action": 1368,
      "best_return": -1.1584389393242742,
      "best_reward_return": 0.17832730673350264,
      "noop_margin": 0.1252695952801166,
      "noop_return": -1.2837085346043908,
      "noop_reward_margin": 0.11641163011503025,
      "noop_reward_return": 0.061915676618472394,
      "opponent": "slow-push",
      "opponent_randomness": null,
      "parent_action": 2304,
      "parent_margin": 0.1252695952801166,
      "parent_return": -1.2837085346043908,
      "parent_reward_margin": 0.11641163011503025,
      "parent_reward_return": 0.061915676618472394,
      "probe": "074_w040_slow-push_1194075.json",
      "probe_sha256": "2ed1d4aac25eb25b9ede4a823fbe8f90db049a3617318c0cd6ac74064bf3240b",
      "seed": 1194075,
      "state_sha256": "09fbcc0f51542c0326da9a96afafc13ad13720b0d989490a6c3fcbe6726a8eae",
      "warmup_steps": 40
    },
    {
      "accepted": true,
      "best_action": 1368,
      "best_return": -1.1584389393242742,
      "best_reward_return": 0.17832730673350264,
      "noop_margin": 0.1252695952801166,
      "noop_return": -1.2837085346043908,
      "noop_reward_margin": 0.11641163011503025,
      "noop_reward_return": 0.061915676618472394,
      "opponent": "slow-push",
      "opponent_randomness": null,
      "parent_action": 2304,
      "parent_margin": 0.1252695952801166,
      "parent_return": -1.2837085346043908,
      "parent_reward_margin": 0.11641163011503025,
      "parent_reward_return": 0.061915676618472394,
      "probe": "075_w040_slow-push_1194076.json",
      "probe_sha256": "264f0876f1f38bf7a9f18b114847f5866d602fc3b993b41e58a8038ac5923c69",
      "seed": 1194076,
      "state_sha256": "7bee5741171466e0164422f0d2fd557624bf050d2aa78653d3884f97308ef5db",
      "warmup_steps": 40
    },
    {
      "accepted": false,
      "best_action": 1985,
      "best_return": -1.3551053358363045,
      "best_reward_return": -0.03165674260199293,
      "noop_margin": 0.02708714558060099,
      "noop_return": -1.3821924814169055,
      "noop_reward_margin": 0.019854171244797464,
      "noop_reward_return": -0.05151091384679039,
      "opponent": "split-lane",
      "opponent_randomness": null,
      "parent_action": 2304,
      "parent_margin": 0.02708714558060099,
      "parent_return": -1.3821924814169055,
      "parent_reward_margin": 0.019854171244797464,
      "parent_reward_return": -0.05151091384679039,
      "probe": "076_w040_split-lane_1194077.json",
      "probe_sha256": "5b82b0281f22a6d6090839b0c5befc67816926914e64827a2b505d9b98e05ab7",
      "seed": 1194077,
      "state_sha256": "fcd266734f12112bb8ee464e71123dd43d1321802404cc10747b6dd3f669ddcf",
      "warmup_steps": 40
    },
    {
      "accepted": false,
      "best_action": 1985,
      "best_return": -1.3551053358363045,
      "best_reward_return": -0.03165674260199293,
      "noop_margin": 0.02708714558060099,
      "noop_return": -1.3821924814169055,
      "noop_reward_margin": 0.019854171244797464,
      "noop_reward_return": -0.05151091384679039,
      "opponent": "split-lane",
      "opponent_randomness": null,
      "parent_action": 2304,
      "parent_margin": 0.02708714558060099,
      "parent_return": -1.3821924814169055,
      "parent_reward_margin": 0.019854171244797464,
      "parent_reward_return": -0.05151091384679039,
      "probe": "077_w040_split-lane_1194078.json",
      "probe_sha256": "721da8071c6a1ee46cc99934b4816c7402951684ddd028c60f0cde0ad214db55",
      "seed": 1194078,
      "state_sha256": "c0ae889fd385c29c6dafd36e37adc0968040dbfe38551ccc4c469a00d0f0b6f1",
      "warmup_steps": 40
    },
    {
      "accepted": false,
      "best_action": 1985,
      "best_return": -1.3551053358363045,
      "best_reward_return": -0.03165674260199293,
      "noop_margin": 0.02708714558060099,
      "noop_return": -1.3821924814169055,
      "noop_reward_margin": 0.019854171244797464,
      "noop_reward_return": -0.05151091384679039,
      "opponent": "split-lane",
      "opponent_randomness": null,
      "parent_action": 2304,
      "parent_margin": 0.02708714558060099,
      "parent_return": -1.3821924814169055,
      "parent_reward_margin": 0.019854171244797464,
      "parent_reward_return": -0.05151091384679039,
      "probe": "078_w040_split-lane_1194079.json",
      "probe_sha256": "ab6b61ea773078de3dc5821db69aa954574b0b788dea04f12e9287e0da33b94c",
      "seed": 1194079,
      "state_sha256": "bda4871bdd41ba7301eff1eb7e239a08c4c4351b164f9c21c5b756e1340a0cb8",
      "warmup_steps": 40
    },
    {
      "accepted": true,
      "best_action": 1344,
      "best_return": -1.3326430905520787,
      "best_reward_return": 0.0005035502664121581,
      "noop_margin": 0.04954939086482679,
      "noop_return": -1.3821924814169055,
      "noop_reward_margin": 0.052014464113202555,
      "noop_reward_return": -0.05151091384679039,
      "opponent": "split-lane",
      "opponent_randomness": null,
      "parent_action": 2304,
      "parent_margin": 0.04954939086482679,
      "parent_return": -1.3821924814169055,
      "parent_reward_margin": 0.052014464113202555,
      "parent_reward_return": -0.05151091384679039,
      "probe": "079_w040_split-lane_1194080.json",
      "probe_sha256": "c715f8e6e8c137bd208821cb1ab7ad03d90681b6b7f600e2b0b6cb174e2eafcf",
      "seed": 1194080,
      "state_sha256": "9f48421776defa2dd277209776f96e4f4f11ef1571f6edb2609dc7ae19a3d26f",
      "warmup_steps": 40
    },
    {
      "accepted": true,
      "best_action": 1906,
      "best_return": -1.263061723825255,
      "best_reward_return": 0.07523058035618403,
      "noop_margin": 0.03527529854962119,
      "noop_return": -1.2983370223748762,
      "noop_reward_margin": 0.03314486306405963,
      "noop_reward_return": 0.0420857172921244,
      "opponent": "random",
      "opponent_randomness": "common-quantile-v1",
      "parent_action": 2304,
      "parent_margin": 0.03527529854962119,
      "parent_return": -1.2983370223748762,
      "parent_reward_margin": 0.03314486306405963,
      "parent_reward_return": 0.0420857172921244,
      "probe": "080_w040_random_1194081.json",
      "probe_sha256": "73966f38535c35123021b2a98c40a61b33ae5a30500c9475246c3783c3f55110",
      "seed": 1194081,
      "state_sha256": "fc480a4ff65c3636dea1d8f193bfddf206e1c742e320ea2f047cdd45b3d8ebea",
      "warmup_steps": 40
    },
    {
      "accepted": false,
      "best_action": 1944,
      "best_return": -1.2934257497399422,
      "best_reward_return": 0.05003769086219592,
      "noop_margin": 0.0029395599568358133,
      "noop_return": -1.296365309696778,
      "noop_reward_margin": 0.00743846132652401,
      "noop_reward_return": 0.04259922953567191,
      "opponent": "random",
      "opponent_randomness": "common-quantile-v1",
      "parent_action": 2304,
      "parent_margin": 0.0029395599568358133,
      "parent_return": -1.296365309696778,
      "parent_reward_margin": 0.00743846132652401,
      "parent_reward_return": 0.04259922953567191,
      "probe": "081_w040_random_1194082.json",
      "probe_sha256": "ea219e69b0c30d759baff3e7395270c16a6eddfb8c9b0c7a4d6267d3db271427",
      "seed": 1194082,
      "state_sha256": "1362526ae2ff0ef3d5ae750c436ac55a66bc00e120ee1e000895d684646f8e08",
      "warmup_steps": 40
    },
    {
      "accepted": false,
      "best_action": 969,
      "best_return": -1.3270288343066117,
      "best_reward_return": 0.005775347146270093,
      "noop_margin": 0.002995779567735113,
      "noop_return": -1.3300246138743468,
      "noop_reward_margin": 0.0,
      "noop_reward_return": 0.005775347146270093,
      "opponent": "random",
      "opponent_randomness": "common-quantile-v1",
      "parent_action": 2304,
      "parent_margin": 0.002995779567735113,
      "parent_return": -1.3300246138743468,
      "parent_reward_margin": 0.0,
      "parent_reward_return": 0.005775347146270093,
      "probe": "082_w040_random_1194083.json",
      "probe_sha256": "ede8f41220f0d989f3eaf3fdc03f45538ba720d772ef2286ca782609b3726c01",
      "seed": 1194083,
      "state_sha256": "a38b38bbb6cec7ff8cc8eaf81bdcc0ec5889d2f4339be394be5e9508f21f000b",
      "warmup_steps": 40
    },
    {
      "accepted": true,
      "best_action": 225,
      "best_return": -1.3493516412005038,
      "best_reward_return": -0.0028946406746670006,
      "noop_margin": 0.02830197848828253,
      "noop_return": -1.3776536196887863,
      "noop_reward_margin": 0.029101261736040746,
      "noop_reward_return": -0.031995902410707745,
      "opponent": "random",
      "opponent_randomness": "common-quantile-v1",
      "parent_action": 2304,
      "parent_margin": 0.02830197848828253,
      "parent_return": -1.3776536196887863,
      "parent_reward_margin": 0.029101261736040746,
      "parent_reward_return": -0.031995902410707745,
      "probe": "083_w040_random_1194084.json",
      "probe_sha256": "fbc3b1efc4b3dbec049adc21fdfd8a9fb297321fb2f98fb18fc70327ed850b8b",
      "seed": 1194084,
      "state_sha256": "fa2b064c2e7d7502afcd57d75363e82118f722de8aa4d74d151cbec71dd90c36",
      "warmup_steps": 40
    },
    {
      "accepted": false,
      "best_action": 1944,
      "best_return": -1.171276403441848,
      "best_reward_return": 0.18560140304533962,
      "noop_margin": 0.017153726204963693,
      "noop_return": -1.1884301296468116,
      "noop_reward_margin": 0.0,
      "noop_reward_return": 0.18560140304533962,
      "opponent": "balanced",
      "opponent_randomness": "deterministic-strategy",
      "parent_action": 2304,
      "parent_margin": 0.017153726204963693,
      "parent_return": -1.1884301296468116,
      "parent_reward_margin": 0.0,
      "parent_reward_return": 0.18560140304533962,
      "probe": "084_w080_balanced_1194085.json",
      "probe_sha256": "bd36a70737d865f2d9c246b1285b497de1cbca2ee56646963375b20846d88403",
      "seed": 1194085,
      "state_sha256": "761c2daffa26f69b437d912fa750f49f0899c430e5173b5ef53695a52ae3134d",
      "warmup_steps": 80
    },
    {
      "accepted": false,
      "best_action": 1944,
      "best_return": -1.171276403441848,
      "best_reward_return": 0.18560140304533962,
      "noop_margin": 0.017153726204963693,
      "noop_return": -1.1884301296468116,
      "noop_reward_margin": 0.0,
      "noop_reward_return": 0.18560140304533962,
      "opponent": "balanced",
      "opponent_randomness": "deterministic-strategy",
      "parent_action": 2304,
      "parent_margin": 0.017153726204963693,
      "parent_return": -1.1884301296468116,
      "parent_reward_margin": 0.0,
      "parent_reward_return": 0.18560140304533962,
      "probe": "085_w080_balanced_1194086.json",
      "probe_sha256": "ae225aeb3c22af4f3689e4568e0e981d7d6d84cea7836f5820ded0c496b73313",
      "seed": 1194086,
      "state_sha256": "3f4097fa09ddc424c9b2ece34fea14735724283644ebf5a5ce7327c836b05c01",
      "warmup_steps": 80
    },
    {
      "accepted": false,
      "best_action": 1944,
      "best_return": -1.171276403441848,
      "best_reward_return": 0.18560140304533962,
      "noop_margin": 0.017153726204963693,
      "noop_return": -1.1884301296468116,
      "noop_reward_margin": 0.0,
      "noop_reward_return": 0.18560140304533962,
      "opponent": "balanced",
      "opponent_randomness": "deterministic-strategy",
      "parent_action": 2304,
      "parent_margin": 0.017153726204963693,
      "parent_return": -1.1884301296468116,
      "parent_reward_margin": 0.0,
      "parent_reward_return": 0.18560140304533962,
      "probe": "086_w080_balanced_1194087.json",
      "probe_sha256": "803668a3c8ee0c1d99b87e383f82ea0a8d5f7e494504c91ae6594395e95c6792",
      "seed": 1194087,
      "state_sha256": "6448af25571ba2791547863c98b5251e85a0caba76e496881fd3c6cd77664b22",
      "warmup_steps": 80
    },
    {
      "accepted": false,
      "best_action": 1944,
      "best_return": -1.171276403441848,
      "best_reward_return": 0.18560140304533962,
      "noop_margin": 0.017153726204963693,
      "noop_return": -1.1884301296468116,
      "noop_reward_margin": 0.0,
      "noop_reward_return": 0.18560140304533962,
      "opponent": "balanced",
      "opponent_randomness": "deterministic-strategy",
      "parent_action": 2304,
      "parent_margin": 0.017153726204963693,
      "parent_return": -1.1884301296468116,
      "parent_reward_margin": 0.0,
      "parent_reward_return": 0.18560140304533962,
      "probe": "087_w080_balanced_1194088.json",
      "probe_sha256": "1a246aae0db14af940226e4b95bf2e047191ff671baa7fa195261b9f160675e3",
      "seed": 1194088,
      "state_sha256": "3b9667e048c83cbbcf2788b0b5c4e5c43c42e9719036c46bf8171ab7bcaa0765",
      "warmup_steps": 80
    },
    {
      "accepted": false,
      "best_action": 804,
      "best_return": -1.2097456346633657,
      "best_reward_return": 0.12886228176057654,
      "noop_margin": 0.0243104518507522,
      "noop_return": -1.234056086514118,
      "noop_reward_margin": 0.010711644116015342,
      "noop_reward_return": 0.1181506376445612,
      "opponent": "bridge-pressure",
      "opponent_randomness": "deterministic-strategy",
      "parent_action": 2304,
      "parent_margin": 0.0243104518507522,
      "parent_return": -1.234056086514118,
      "parent_reward_margin": 0.010711644116015342,
      "parent_reward_return": 0.1181506376445612,
      "probe": "088_w080_bridge-pressure_1194089.json",
      "probe_sha256": "b7e19552ac63fc3ebde2b639d27bd62c094792277cb9cecdbb9ab4b7244e383e",
      "seed": 1194089,
      "state_sha256": "54dc6794a108e921548697477e86341f48bf098703fcbf9f9ac08db1cedecc1b",
      "warmup_steps": 80
    },
    {
      "accepted": false,
      "best_action": 804,
      "best_return": -1.2097456346633657,
      "best_reward_return": 0.12886228176057654,
      "noop_margin": 0.0243104518507522,
      "noop_return": -1.234056086514118,
      "noop_reward_margin": 0.010711644116015342,
      "noop_reward_return": 0.1181506376445612,
      "opponent": "bridge-pressure",
      "opponent_randomness": "deterministic-strategy",
      "parent_action": 2304,
      "parent_margin": 0.0243104518507522,
      "parent_return": -1.234056086514118,
      "parent_reward_margin": 0.010711644116015342,
      "parent_reward_return": 0.1181506376445612,
      "probe": "089_w080_bridge-pressure_1194090.json",
      "probe_sha256": "cd5ea6e99f21f757827dc733cc31f46ef702cb2622efe6dd6b83a9f99cb5549b",
      "seed": 1194090,
      "state_sha256": "20f858ae3ca638745caa3d5412e4137ebcc04cd97f2f6bf112f2aef4852e398d",
      "warmup_steps": 80
    },
    {
      "accepted": false,
      "best_action": 804,
      "best_return": -1.2097456346633657,
      "best_reward_return": 0.12886228176057654,
      "noop_margin": 0.0243104518507522,
      "noop_return": -1.234056086514118,
      "noop_reward_margin": 0.010711644116015342,
      "noop_reward_return": 0.1181506376445612,
      "opponent": "bridge-pressure",
      "opponent_randomness": "deterministic-strategy",
      "parent_action": 2304,
      "parent_margin": 0.0243104518507522,
      "parent_return": -1.234056086514118,
      "parent_reward_margin": 0.010711644116015342,
      "parent_reward_return": 0.1181506376445612,
      "probe": "090_w080_bridge-pressure_1194091.json",
      "probe_sha256": "5c309255aa75abed959702fb60860cd163a4d5fa54da672eb757f1f5d343146a",
      "seed": 1194091,
      "state_sha256": "11c08290403f27ed876188a6f84abfba4c5dfafd1078d437070ee5e3899c84c7",
      "warmup_steps": 80
    },
    {
      "accepted": false,
      "best_action": 804,
      "best_return": -1.2097456346633657,
      "best_reward_return": 0.12886228176057654,
      "noop_margin": 0.0243104518507522,
      "noop_return": -1.234056086514118,
      "noop_reward_margin": 0.010711644116015342,
      "noop_reward_return": 0.1181506376445612,
      "opponent": "bridge-pressure",
      "opponent_randomness": "deterministic-strategy",
      "parent_action": 2304,
      "parent_margin": 0.0243104518507522,
      "parent_return": -1.234056086514118,
      "parent_reward_margin": 0.010711644116015342,
      "parent_reward_return": 0.1181506376445612,
      "probe": "091_w080_bridge-pressure_1194092.json",
      "probe_sha256": "f19a60ae7a90a3a6e04dac18a7130a005ab4a6762c85ad0a2b21f39bb1403490",
      "seed": 1194092,
      "state_sha256": "bb7857928c8ff1155d715b2f931517be4b70613b982d19e318ad5c0158fc39f5",
      "warmup_steps": 80
    },
    {
      "accepted": false,
      "best_action": 1416,
      "best_return": -1.399827440044795,
      "best_reward_return": -0.049721027631183926,
      "noop_margin": 0.007005199119783034,
      "noop_return": -1.406832639164578,
      "noop_reward_margin": 2.541043805925902e-09,
      "noop_reward_return": -0.04972103017222773,
      "opponent": "reactive-defense",
      "opponent_randomness": "deterministic-strategy",
      "parent_action": 2304,
      "parent_margin": 0.007005199119783034,
      "parent_return": -1.406832639164578,
      "parent_reward_margin": 2.541043805925902e-09,
      "parent_reward_return": -0.04972103017222773,
      "probe": "092_w080_reactive-defense_1194093.json",
      "probe_sha256": "f2a6fe65d64f536cdc716bdaa399c9ab77d2e6c595724701fae2b156654de928",
      "seed": 1194093,
      "state_sha256": "8d9e222fd38d780649b080cbcc4bb5f690bccb6ffbe8410c426220d9c599a21b",
      "warmup_steps": 80
    },
    {
      "accepted": false,
      "best_action": 1416,
      "best_return": -1.399827440044795,
      "best_reward_return": -0.049721027631183926,
      "noop_margin": 0.007005199119783034,
      "noop_return": -1.406832639164578,
      "noop_reward_margin": 2.541043805925902e-09,
      "noop_reward_return": -0.04972103017222773,
      "opponent": "reactive-defense",
      "opponent_randomness": "deterministic-strategy",
      "parent_action": 2304,
      "parent_margin": 0.007005199119783034,
      "parent_return": -1.406832639164578,
      "parent_reward_margin": 2.541043805925902e-09,
      "parent_reward_return": -0.04972103017222773,
      "probe": "093_w080_reactive-defense_1194094.json",
      "probe_sha256": "369665361be6c9ecf69b19682c66ea1fc612f61e8088c7ee9b1e641db2d59009",
      "seed": 1194094,
      "state_sha256": "8d9ce3dd9f0c69ce70333ea27e24ebfb8a2009198c393926b6c342da1dfa6e99",
      "warmup_steps": 80
    },
    {
      "accepted": false,
      "best_action": 183,
      "best_return": -1.396123176546175,
      "best_reward_return": -0.04402975993068505,
      "noop_margin": 0.010709462618402998,
      "noop_return": -1.406832639164578,
      "noop_reward_margin": 0.00569127024154268,
      "noop_reward_return": -0.04972103017222773,
      "opponent": "reactive-defense",
      "opponent_randomness": "deterministic-strategy",
      "parent_action": 2304,
      "parent_margin": 0.010709462618402998,
      "parent_return": -1.406832639164578,
      "parent_reward_margin": 0.00569127024154268,
      "parent_reward_return": -0.04972103017222773,
      "probe": "094_w080_reactive-defense_1194095.json",
      "probe_sha256": "bc4c4161a13f79f2e53502aa46320d0e4831ab51c717bb58ed8526d182c46fe4",
      "seed": 1194095,
      "state_sha256": "5c403edf4c9098f881563140abda8a7a504485b91b73d85c5f7a12a2bffae9aa",
      "warmup_steps": 80
    },
    {
      "accepted": false,
      "best_action": 1416,
      "best_return": -1.399827440044795,
      "best_reward_return": -0.049721027631183926,
      "noop_margin": 0.007005199119783034,
      "noop_return": -1.406832639164578,
      "noop_reward_margin": 2.541043805925902e-09,
      "noop_reward_return": -0.04972103017222773,
      "opponent": "reactive-defense",
      "opponent_randomness": "deterministic-strategy",
      "parent_action": 2304,
      "parent_margin": 0.007005199119783034,
      "parent_return": -1.406832639164578,
      "parent_reward_margin": 2.541043805925902e-09,
      "parent_reward_return": -0.04972103017222773,
      "probe": "095_w080_reactive-defense_1194096.json",
      "probe_sha256": "dcef76809dd934a3e7759d1377083cbc6e1203a5c8f24d7319e9d149196e8ac3",
      "seed": 1194096,
      "state_sha256": "0b36dd6d7faf9707471785b62f184e4811691b23e18a9476bd6d82b19550f6c7",
      "warmup_steps": 80
    },
    {
      "accepted": false,
      "best_action": 1368,
      "best_return": -1.2732845139243405,
      "best_reward_return": 0.0676904943183724,
      "noop_margin": 0.015849835272110813,
      "noop_return": -1.2891343491964513,
      "noop_reward_margin": 0.01733815944715486,
      "noop_reward_return": 0.05035233487121754,
      "opponent": "spell-control",
      "opponent_randomness": "deterministic-strategy",
      "parent_action": 2304,
      "parent_margin": 0.015849835272110813,
      "parent_return": -1.2891343491964513,
      "parent_reward_margin": 0.01733815944715486,
      "parent_reward_return": 0.05035233487121754,
      "probe": "096_w080_spell-control_1194097.json",
      "probe_sha256": "1df8afe568d4d79d5f11f56c770ab30816ddece7fe74ff62554e4b18d957332d",
      "seed": 1194097,
      "state_sha256": "18851af288567ee673030d0ce59ae4246126ac97716e3afa28e8af92d0cf9e3c",
      "warmup_steps": 80
    },
    {
      "accepted": false,
      "best_action": 1368,
      "best_return": -1.2732845139243405,
      "best_reward_return": 0.0676904943183724,
      "noop_margin": 0.015849835272110813,
      "noop_return": -1.2891343491964513,
      "noop_reward_margin": 0.01733815944715486,
      "noop_reward_return": 0.05035233487121754,
      "opponent": "spell-control",
      "opponent_randomness": "deterministic-strategy",
      "parent_action": 2304,
      "parent_margin": 0.015849835272110813,
      "parent_return": -1.2891343491964513,
      "parent_reward_margin": 0.01733815944715486,
      "parent_reward_return": 0.05035233487121754,
      "probe": "097_w080_spell-control_1194098.json",
      "probe_sha256": "4ee81b114d66b885590453f28facb667417f852603cb862a411fc8e38237a4b5",
      "seed": 1194098,
      "state_sha256": "33d0d8744c6bc7d7bfbffe3d326cb42f8f9d614f0983fe2e812e5a14e084ba64",
      "warmup_steps": 80
    },
    {
      "accepted": false,
      "best_action": 1368,
      "best_return": -1.2732845139243405,
      "best_reward_return": 0.0676904943183724,
      "noop_margin": 0.015849835272110813,
      "noop_return": -1.2891343491964513,
      "noop_reward_margin": 0.01733815944715486,
      "noop_reward_return": 0.05035233487121754,
      "opponent": "spell-control",
      "opponent_randomness": "deterministic-strategy",
      "parent_action": 2304,
      "parent_margin": 0.015849835272110813,
      "parent_return": -1.2891343491964513,
      "parent_reward_margin": 0.01733815944715486,
      "parent_reward_return": 0.05035233487121754,
      "probe": "098_w080_spell-control_1194099.json",
      "probe_sha256": "e4c938ad62b0fb40c1808a132d4404589ef1962e8e5b8798772f987d4123052b",
      "seed": 1194099,
      "state_sha256": "69be19d0fe85e36b2b91d7f21d0fe52300e35e72571c3d3f0102b0af8e373547",
      "warmup_steps": 80
    },
    {
      "accepted": false,
      "best_action": 1368,
      "best_return": -1.2732845139243405,
      "best_reward_return": 0.0676904943183724,
      "noop_margin": 0.015849835272110813,
      "noop_return": -1.2891343491964513,
      "noop_reward_margin": 0.01733815944715486,
      "noop_reward_return": 0.05035233487121754,
      "opponent": "spell-control",
      "opponent_randomness": "deterministic-strategy",
      "parent_action": 2304,
      "parent_margin": 0.015849835272110813,
      "parent_return": -1.2891343491964513,
      "parent_reward_margin": 0.01733815944715486,
      "parent_reward_return": 0.05035233487121754,
      "probe": "099_w080_spell-control_1194100.json",
      "probe_sha256": "e652ac8d1b5dfc4bef05747468ceffd0b27e663556263bc779e1630c337e01d7",
      "seed": 1194100,
      "state_sha256": "b7b2a04636a0be7503e3cb4f6c43c7cf82b2db34f515ccec47bcd9be20ac5fba",
      "warmup_steps": 80
    },
    {
      "accepted": false,
      "best_action": 2304,
      "best_return": -1.3641537488775757,
      "best_reward_return": -0.024979928921697942,
      "noop_margin": 0.0,
      "noop_return": -1.3641537488775757,
      "noop_reward_margin": 0.0,
      "noop_reward_return": -0.024979928921697942,
      "opponent": "slow-push",
      "opponent_randomness": "deterministic-strategy",
      "parent_action": 2304,
      "parent_margin": 0.0,
      "parent_return": -1.3641537488775757,
      "parent_reward_margin": 0.0,
      "parent_reward_return": -0.024979928921697942,
      "probe": "100_w080_slow-push_1194101.json",
      "probe_sha256": "02444c3a0c28a474ef896f401c1b74f4a8d7c9717e426c04305e202bdd77a6b3",
      "seed": 1194101,
      "state_sha256": "5e6948659817fe2d2737b9868d07a1f64a0718cebdfa99506676956eabe12077",
      "warmup_steps": 80
    },
    {
      "accepted": false,
      "best_action": 2304,
      "best_return": -1.3641537488775757,
      "best_reward_return": -0.024979928921697942,
      "noop_margin": 0.0,
      "noop_return": -1.3641537488775757,
      "noop_reward_margin": 0.0,
      "noop_reward_return": -0.024979928921697942,
      "opponent": "slow-push",
      "opponent_randomness": "deterministic-strategy",
      "parent_action": 2304,
      "parent_margin": 0.0,
      "parent_return": -1.3641537488775757,
      "parent_reward_margin": 0.0,
      "parent_reward_return": -0.024979928921697942,
      "probe": "101_w080_slow-push_1194102.json",
      "probe_sha256": "4d7dbff64fbd278693375700a780142a03a17dd25d27be36d39db6af44a99e06",
      "seed": 1194102,
      "state_sha256": "642796017df1f1798084b78c7be30b6ec0a3c9b739a1d1fe737f2dced208b1a5",
      "warmup_steps": 80
    },
    {
      "accepted": false,
      "best_action": 2304,
      "best_return": -1.3641537488775757,
      "best_reward_return": -0.024979928921697942,
      "noop_margin": 0.0,
      "noop_return": -1.3641537488775757,
      "noop_reward_margin": 0.0,
      "noop_reward_return": -0.024979928921697942,
      "opponent": "slow-push",
      "opponent_randomness": "deterministic-strategy",
      "parent_action": 2304,
      "parent_margin": 0.0,
      "parent_return": -1.3641537488775757,
      "parent_reward_margin": 0.0,
      "parent_reward_return": -0.024979928921697942,
      "probe": "102_w080_slow-push_1194103.json",
      "probe_sha256": "596cf97b76c8a8caeb4239bdb00db9be3142155f5bcdfb63d5b7bdcf1e752625",
      "seed": 1194103,
      "state_sha256": "fd39e7532cfcf0eedfd80b27128d597a79edb6992b370384628a2de621e23534",
      "warmup_steps": 80
    },
    {
      "accepted": false,
      "best_action": 2304,
      "best_return": -1.3641537488775757,
      "best_reward_return": -0.024979928921697942,
      "noop_margin": 0.0,
      "noop_return": -1.3641537488775757,
      "noop_reward_margin": 0.0,
      "noop_reward_return": -0.024979928921697942,
      "opponent": "slow-push",
      "opponent_randomness": "deterministic-strategy",
      "parent_action": 2304,
      "parent_margin": 0.0,
      "parent_return": -1.3641537488775757,
      "parent_reward_margin": 0.0,
      "parent_reward_return": -0.024979928921697942,
      "probe": "103_w080_slow-push_1194104.json",
      "probe_sha256": "7740d4740954bdfd497310eeae3c3719fe61d6e4fa715eccadbb1656eac8d2e2",
      "seed": 1194104,
      "state_sha256": "388d5d8a39cc2b5cac76ccb701c2fe28b1b99c33737055b0f04ff72ebd6ba2f3",
      "warmup_steps": 80
    },
    {
      "accepted": false,
      "best_action": 1056,
      "best_return": -1.1678229873162502,
      "best_reward_return": 0.18602511075864658,
      "noop_margin": 0.017424859127147974,
      "noop_return": -1.1852478464433982,
      "noop_reward_margin": 0.003678180820655602,
      "noop_reward_return": 0.18234692993799098,
      "opponent": "split-lane",
      "opponent_randomness": "deterministic-strategy",
      "parent_action": 2304,
      "parent_margin": 0.017424859127147974,
      "parent_return": -1.1852478464433982,
      "parent_reward_margin": 0.003678180820655602,
      "parent_reward_return": 0.18234692993799098,
      "probe": "104_w080_split-lane_1194105.json",
      "probe_sha256": "efa54019c6b768d79515f08f1840f5306ed8ace4a274bb499215f3004e6d5fd4",
      "seed": 1194105,
      "state_sha256": "20e32f76cd6fbd8ab19d499b836aa12c5c306c6ab6508926dbc986ee2f04c249",
      "warmup_steps": 80
    },
    {
      "accepted": false,
      "best_action": 804,
      "best_return": -1.1715367881388226,
      "best_reward_return": 0.18234692993799098,
      "noop_margin": 0.01371105830457564,
      "noop_return": -1.1852478464433982,
      "noop_reward_margin": 0.0,
      "noop_reward_return": 0.18234692993799098,
      "opponent": "split-lane",
      "opponent_randomness": "deterministic-strategy",
      "parent_action": 2304,
      "parent_margin": 0.01371105830457564,
      "parent_return": -1.1852478464433982,
      "parent_reward_margin": 0.0,
      "parent_reward_return": 0.18234692993799098,
      "probe": "105_w080_split-lane_1194106.json",
      "probe_sha256": "a98205a73416d268ddbcc78fb9ce258b160d232aec0160c20cd5e5121e358630",
      "seed": 1194106,
      "state_sha256": "a26eeb96524b0c70a7cd5f9a67e366ea61d522f6f6b2492607c774031ddc6838",
      "warmup_steps": 80
    },
    {
      "accepted": false,
      "best_action": 836,
      "best_return": -1.1715367881388226,
      "best_reward_return": 0.18234692993799098,
      "noop_margin": 0.01371105830457564,
      "noop_return": -1.1852478464433982,
      "noop_reward_margin": 0.0,
      "noop_reward_return": 0.18234692993799098,
      "opponent": "split-lane",
      "opponent_randomness": "deterministic-strategy",
      "parent_action": 2304,
      "parent_margin": 0.01371105830457564,
      "parent_return": -1.1852478464433982,
      "parent_reward_margin": 0.0,
      "parent_reward_return": 0.18234692993799098,
      "probe": "106_w080_split-lane_1194107.json",
      "probe_sha256": "e60898c6b3671504854f8591bd2015b963e5b5b4abc241f86300c374bdfaae3d",
      "seed": 1194107,
      "state_sha256": "212b2ee517e497c9d1a1600ddf39ff03af8c4a7671d3a3cd2737b344da25681d",
      "warmup_steps": 80
    },
    {
      "accepted": false,
      "best_action": 804,
      "best_return": -1.1715367881388226,
      "best_reward_return": 0.18234692993799098,
      "noop_margin": 0.01371105830457564,
      "noop_return": -1.1852478464433982,
      "noop_reward_margin": 0.0,
      "noop_reward_return": 0.18234692993799098,
      "opponent": "split-lane",
      "opponent_randomness": "deterministic-strategy",
      "parent_action": 2304,
      "parent_margin": 0.01371105830457564,
      "parent_return": -1.1852478464433982,
      "parent_reward_margin": 0.0,
      "parent_reward_return": 0.18234692993799098,
      "probe": "107_w080_split-lane_1194108.json",
      "probe_sha256": "5681c8bfa694deb585b18075f6cd362f5e7a01185c6e818aaf6f56267d913722",
      "seed": 1194108,
      "state_sha256": "0bdfa3551885d0a6691a82f165abe048ec06f9adc13b54f7c4edb27ecacc4df6",
      "warmup_steps": 80
    },
    {
      "accepted": false,
      "best_action": 1944,
      "best_return": -1.3325399882891726,
      "best_reward_return": 0.008843751548235072,
      "noop_margin": 0.0032360296103366437,
      "noop_return": -1.3357760178995093,
      "noop_reward_margin": 0.0,
      "noop_reward_return": 0.008843751548235072,
      "opponent": "random",
      "opponent_randomness": "common-quantile-v1",
      "parent_action": 2304,
      "parent_margin": 0.0032360296103366437,
      "parent_return": -1.3357760178995093,
      "parent_reward_margin": 0.0,
      "parent_reward_return": 0.008843751548235072,
      "probe": "108_w080_random_1194109.json",
      "probe_sha256": "14031440580e74e7dc68edb2da328c3797f23674b26ea8c3846ec161b3943259",
      "seed": 1194109,
      "state_sha256": "1d7b2fdd7380f2ad54685fe986f31be9b699088886f9178acd074cf630f0b1cc",
      "warmup_steps": 80
    },
    {
      "accepted": false,
      "best_action": 1368,
      "best_return": -1.3807156355935364,
      "best_reward_return": -0.03319954777035254,
      "noop_margin": 0.0035148591802371953,
      "noop_return": -1.3842304947737736,
      "noop_reward_margin": 0.0,
      "noop_reward_return": -0.03319954777035254,
      "opponent": "random",
      "opponent_randomness": "common-quantile-v1",
      "parent_action": 2304,
      "parent_margin": 0.0035148591802371953,
      "parent_return": -1.3842304947737736,
      "parent_reward_margin": 0.0,
      "parent_reward_return": -0.03319954777035254,
      "probe": "109_w080_random_1194110.json",
      "probe_sha256": "d307c32609f778c172a7959a53cf7851454f6c7a63534a0f7992dc42cd2c4907",
      "seed": 1194110,
      "state_sha256": "e5b0d979baec67728f9287767a3180c16d5a8556c0c2c57847f55fa554cd7546",
      "warmup_steps": 80
    },
    {
      "accepted": false,
      "best_action": 209,
      "best_return": -1.3550319338657006,
      "best_reward_return": 0.002710582519650102,
      "noop_margin": 0.01182432098866637,
      "noop_return": -1.366856254854367,
      "noop_reward_margin": 0.00656334183316259,
      "noop_reward_return": -0.003852759313512487,
      "opponent": "random",
      "opponent_randomness": "common-quantile-v1",
      "parent_action": 2304,
      "parent_margin": 0.01182432098866637,
      "parent_return": -1.366856254854367,
      "parent_reward_margin": 0.00656334183316259,
      "parent_reward_return": -0.003852759313512487,
      "probe": "110_w080_random_1194111.json",
      "probe_sha256": "7b5ee5aedaa85ad51d1ba9a8160fa25767d21a5ccaff5d853419e3e92cd95d96",
      "seed": 1194111,
      "state_sha256": "bd0fd9e1af35efff6ee6aa6f04d8a86bc7848222e82bd5a29197105bf2346b70",
      "warmup_steps": 80
    },
    {
      "accepted": false,
      "best_action": 210,
      "best_return": -1.2086679051460627,
      "best_reward_return": 0.13088346569066572,
      "noop_margin": 0.029617694240788195,
      "noop_return": -1.238285599386851,
      "noop_reward_margin": 0.018377416840681934,
      "noop_reward_return": 0.11250604884998379,
      "opponent": "random",
      "opponent_randomness": "common-quantile-v1",
      "parent_action": 2304,
      "parent_margin": 0.029617694240788195,
      "parent_return": -1.238285599386851,
      "parent_reward_margin": 0.018377416840681934,
      "parent_reward_return": 0.11250604884998379,
      "probe": "111_w080_random_1194112.json",
      "probe_sha256": "24798c9b62ca65b1166a494e18afba9aaae6f00d786ba89c39d6c591935e4c40",
      "seed": 1194112,
      "state_sha256": "33d66a55e0969fefe4a8919a7bfa0f248d79505fc4304c6d82369dd4f68346f1",
      "warmup_steps": 80
    }
  ],
  "bootstrap_role": "tie-break-and-nonnegative-consistency-only",
  "candidate_selector": "hand-slot-spatial-stratified-v1",
  "checkpoint": "/Users/sam/Desktop/code/clasher/checkpoints/hog26_u46x2_reactive_slow_spatial_seed1154001/candidate.pt",
  "checkpoint_sha256": "28f575c95bf5d00478aac7a74b5614016019cb00a3ffd6e17be7c5d2437b4372",
  "corpus": "/Users/sam/.codex/worktrees/clasher-simple-mps-bench/datasets/derived/hog26_simple_counterfactual_reward_train_seed1194001/corpus.npz",
  "corpus_sha256": "a5e8c8ab908ab57913355ecddd3311c00c41a739ddeefb7180bdcead38659ae3",
  "coverage": {
    "w008:balanced": {
      "accepted": 4,
      "probes": 4
    },
    "w008:bridge-pressure": {
      "accepted": 4,
      "probes": 4
    },
    "w008:random": {
      "accepted": 3,
      "probes": 4
    },
    "w008:reactive-defense": {
      "accepted": 0,
      "probes": 4
    },
    "w008:slow-push": {
      "accepted": 4,
      "probes": 4
    },
    "w008:spell-control": {
      "accepted": 0,
      "probes": 4
    },
    "w008:split-lane": {
      "accepted": 4,
      "probes": 4
    },
    "w020:balanced": {
      "accepted": 4,
      "probes": 4
    },
    "w020:bridge-pressure": {
      "accepted": 4,
      "probes": 4
    },
    "w020:random": {
      "accepted": 3,
      "probes": 4
    },
    "w020:reactive-defense": {
      "accepted": 0,
      "probes": 4
    },
    "w020:slow-push": {
      "accepted": 0,
      "probes": 4
    },
    "w020:spell-control": {
      "accepted": 0,
      "probes": 4
    },
    "w020:split-lane": {
      "accepted": 4,
      "probes": 4
    },
    "w040:balanced": {
      "accepted": 1,
      "probes": 4
    },
    "w040:bridge-pressure": {
      "accepted": 4,
      "probes": 4
    },
    "w040:random": {
      "accepted": 2,
      "probes": 4
    },
    "w040:reactive-defense": {
      "accepted": 0,
      "probes": 4
    },
    "w040:slow-push": {
      "accepted": 4,
      "probes": 4
    },
    "w040:spell-control": {
      "accepted": 2,
      "probes": 4
    },
    "w040:split-lane": {
      "accepted": 1,
      "probes": 4
    },
    "w080:balanced": {
      "accepted": 0,
      "probes": 4
    },
    "w080:bridge-pressure": {
      "accepted": 0,
      "probes": 4
    },
    "w080:random": {
      "accepted": 0,
      "probes": 4
    },
    "w080:reactive-defense": {
      "accepted": 0,
      "probes": 4
    },
    "w080:slow-push": {
      "accepted": 0,
      "probes": 4
    },
    "w080:spell-control": {
      "accepted": 0,
      "probes": 4
    },
    "w080:split-lane": {
      "accepted": 0,
      "probes": 4
    }
  },
  "horizon_steps": 24,
  "minimum_return_margin": 0.02,
  "preference_score": "discounted_reward_return",
  "probe_root": "/Users/sam/.codex/worktrees/clasher-simple-mps-bench/datasets/derived/hog26_simple_counterfactual_stratified_train_seed1194001/probes",
  "probes": 112,
  "random_candidate_fraction": 0.25,
  "return_estimator": "truncated-n-step-bootstrap-v1",
  "root_behavior_action_is_parent": true,
  "rows": 4256,
  "schema": "clasher.hog26.simple-counterfactual-corpus.v2",
  "supervised_rows": 112,
  "warmup_steps": [
    8,
    20,
    40,
    80
  ]
}
